feature_id,species_id,female_mass_mean,female_mass_lower,female_mass_upper,female_mass_uncertainty,male_mass_mean,male_mass_lower,male_mass_upper,male_mass_uncertainty,culmen,tarsus,tail,bmr,rmr,dee,clutch_size_mean,clutch_size_lower,clutch_size_upper,clutch_size_uncertainty,egg_mass,incubation_mean,incubation_period_lower,incubation_period_upper,incubation_period_uncertainty,fledging_period_mean,fledging_period_lower,fledging_period_upper,fledging_period_uncertainty,reproductive_success,hatching_success,fledging_success,max_growth_mean,max_growth_lower,max_growth_upper,max_growth_uncertainty,feeds_per_day,post_fledge_care_mean,post_fledge_care_lower,post_fledge_care_upper,post_fledge_care_uncertainty,fledgling_mass,ratio_fledgling_to_adult,wing_loading,aspect_ratio,first_year_survival,second_year_survival,survival_to_breeding,age_first_breed_mean,age_first_breed_lower,age_first_breed_upper,age_first_breed_uncertainty,foraging_distance,migration_distance,wingspan_mean,wingspan_lower,wingspan_upper,wingspan_uncertainty,max_age_mean,max_age_lower,max_age_upper,max_age_uncertainty,annual_survival_mean,annual_survival_lower,annual_survival_upper,annual_survival_uncertainty,mate_fidelity,site_fidelity,coloniality,username,dt
1,Aethiacristatella,,0.26,0.29,,,0.26,0.29,,,,,,,,1,,,,40,33.8,29,40,,33.2,27,36,,,,,,11,13,,,0,,,,228,80,,,,,,3,,,ca,"NS,OS",,48,,,,,,,,89,,,,,,,grant,27/06/2016
2,Aethiapsittacula,0.26,0.26,0.28,,,0.26,0.28,,,,,,,,1,,,,37,35,,,,35,,,,,,,10.6,,,,,0,,,,216,79,,,,,,,,,,OS,,50,,,,,,,,,,,,,,,grant,27/06/2016
3,Aethiapusilla,0.084,0.084,0.092,,,0.084,0.092,,,,,,,,1,,,,17,30.1,25,39,,28.6,,,,,,,,5.3,6,,,0,,,,81,95,,,,,,3,,,,"NS,OS",,33,,,,,,,,80.8,,,,,,,grant,27/06/2016
4,Aethiapygmaea,0.12,,,,0.12,,,,,,,,,,1,,,,44,35.5,,,,40.5,39,42,,65,84,73,,,,,,,,,,100,90.5,,,,,,3,,,ca,NS,,,,,,,,,,,,,,,,,grant,27/06/2016
5,Alcatorda,0.72,,,,,0.62,0.73,,,,,311,,,1,,,,90,35,,,,22.5,15,30,,,,,12.3,,,,,,,,,180,23,,,,,,4,2,6,,NS,,66,,,,,,,,,88,90,,,,,grant,27/06/2016
6,Allealle,0.16,,,,0.16,,,,,,,,,,1,,,,31,29,,,,27.5,,,,,,,6.5,,,,,0,,,,110,70,,,,,,5,,,,"NS,OS",,,,,,,,,,,,,,,,,grant,27/06/2016
7,Brachyramphusbrevirostris,,0.224,0.243,,,0.224,0.243,,,,,,,,1,,,,34,30,,,ca,24,,,ca,,,,,,,,,,,,,,,,,,,,,,,,NS,,,,,,,,,,,,,,,,,grant,27/06/2016
8,Brachyramphusmarmoratus,0.22,,,,0.22,,,,,,,,,,1,,,,36,29,,,,33.5,27,40,,,,,,,,,,,,,,155,70,,,30 - 60,,,3,,,,"NS,OS",,44,,,,,,,,,,,,,,,grant,27/06/2016
9,Brachyramphusperdix,,,,,,,,,,,,,,,1,,,,,,,,,,27,40,,,,,,,,,,0,,,,,,,,,,,,,,,,,,,,,,,,,,,,,,,,grant,27/06/2016
10,Cepphuscarbo,,,,,,,,,,,,,,,,1,2,,,30,,,,,,,,,,,,,,,,,,,,,,,,,,,,,,,,,,,,,,,,,,,,,,,,grant,27/06/2016
11,Cepphuscolumba,,0.45,0.55,,,0.45,0.55,,,,,,,,2,1,2,,54,29,26,32,,40,35,54,,,,,,10,20,,,0,,,,423,91,,,,,,3,,,,NS,,58,,,,14,,,,80,,,,,,,grant,27/06/2016
12,Cepphusgrylle,0.43,0.3,0.53,,0.43,0.37,0.5,,,,,,,,2,1,2,,50,29,,,,36.5,34,39,,,,,13.8,,,,,0,,,,374,92,,,,,,3,3,4,,NS,,,,,,13,,,,87,,,,,,,grant,27/06/2016
13,Cerorhincamonocerata,0.456,,,,0.51,,,,,,,,,,1,,,,77,44.9,39,52,,,50,60,,,,,10,,,,,0,,,,312,75,,,,,,3,,,ca,"NS,OS",,62,,,,10,,,,,,,,,,,grant,27/06/2016
14,Fraterculaarctica,0.51,0.31,0.27,,0.48,0.31,0.57,,,,,222,,,1,,,,59,42,,,,39,,,,,,,11.2,,,,,0,,,,304,70,,,,,,6,,,,"NS,OS",,55,,,,32,,,,94.2,89,96,,,,,grant,27/06/2016
15,Fraterculacirrhata,0.78,,,,,0.755,0.83,,,,,,,,1,,,,91,,,,,,47,55,,,,,16.1,,,,,,,,,502,60,,,,,,,,,,OS,,66,,,,,,,,,,,,,,,grant,27/06/2016
16,Fraterculacorniculata,0.62,,,,,0.49,0.69,,,,,,,,1,,,,57,,,,,38,,,,,,,11.1,,,,,0,,,,400,62,,,,,,,,,,OS,,61,,,,,,,,,,,,,,,grant,27/06/2016
17,Pinguinusimpennis,,,,,,,,,,,,,,,1,,,,,,,,,,,,,,,,,,,,,,,,,,,,,,,,7,,,,,,,,,,,,,,,,,,,,,grant,27/06/2016
18,Ptychoramphusaleuticus,,0.168,0.19,,,0.168,0.19,,,,,,,,1,,,,27,39,37,57,,46,41,50,,,,,6.2,,,,,0,,,,146,88,,,,,,3,1,4,,"NS,OS",,44,,,,16,,,,75,42,93,,,,,grant,27/06/2016
19,Synthliboramphusantiquus,,0.206,0.214,,,0.206,0.214,,,,,,,,2,1,2,,45,32.7,29,37,,2,1,4,,,,,,,,,,30,,,,28,14,,,,,,3,2,4,,"NS,OS",,45,,,,,,,,77,,,,,,,grant,27/06/2016
20,Synthliboramphuscraveri,0.15,0.136,0.15,,,0.136,0.15,,,,,,,,2,,,,35,,,,,2,,,,,,,,,,,,,,,yes,,,,,,,,,,,,,,41,,,,,,,,,,,,,,,grant,27/06/2016
21,Synthliboramphushypoleucus,0.17,,,,0.17,,,,,,,,,,2,1,2,,,34,27,44,,2,1,4,,,,,,,,,,,,,yes,,,,,,,,3,2,3,,OS,,42,,,,15,,,,,,,,,,,grant,27/06/2016
22,Synthliboramphusscrippsi,,,,,,,,,,,,,,,,,,,,,,,,,,,,,,,,,,,,,,,,,,,,,,,,,,,,,,,,,,,,,,,,,,,,grant,27/06/2016
23,Synthliboramphuswumizusume,0.183,,,,0.183,,,,,,,,,,2,1,2,,,32,31,33,,2,,,,,,,,,,,,30,,,ca,22,,,,,,,,,,,NS+,,,,,,,,,,,,,,,,,grant,27/06/2016
24,Uriaaalge,1.1,0.87,1.3,,1,0.83,1.3,,,,,390,,,1,,,,110,33,,,,21.5,18,25,,93,76,72,11.4,,,,,,,,yes,253,24,,,78,Sep-92,,,4,5,,"NS,OS",,73,,,,26,,,,,87,95,,,,,grant,27/06/2016
25,Urialomvia,1,0.76,1.2,,0.99,0.84,1.2,,,,,,,,1,,,,105,33,31,36,,22.5,15,30,,,,,11.5,,,,,,30,60,,190,22,,,,,,4,4,5,,"NS,OS",,,,,,29,,,,,89,90,,,,,grant,27/06/2016
26,Anhingaanhinga,,,,,,,,,,,,,,,,,,,,,,,,,,,,,,,,,,,,,,,,,,,,,,,,,,,,,,,,,,,,,,,,,,,,grant,27/06/2016
27,Anhingamelanogaster,,,,,,,,,,,,,,,,,,,,,,,,,,,,,,,,,,,,,,,,,,,,,,,,,,,,,,,,,,,,,,,,,,,,grant,27/06/2016
28,Anhinganovaehollandiae,,,,,,,,,,,,,,,,,,,,,,,,,,,,,,,,,,,,,,,,,,,,,,,,,,,,,,,,,,,,,,,,,,,,grant,27/06/2016
29,Anhingarufa,,,,,,,,,,,,,,,,,,,,,,,,,,,,,,,,,,,,,,,,,,,,,,,,,,,,,,,,,,,,,,,,,,,,grant,27/06/2016
30,Agamiaagami,,,,,,,,,,,,,,,,,,,,,,,,,,,,,,,,,,,,,,,,,,,,,,,,,,,,,,,,,,,,,,,,,,,,grant,27/06/2016
31,Ardeaalba,,,,,,,,,,,,,,,,,,,,,,,,,,,,,,,,,,,,,,,,,,,,,,,,,,,,,,,,,,,,,,,,,,,,grant,27/06/2016
32,Ardeabrachyrhyncha,,,,,,,,,,,,,,,,,,,,,,,,,,,,,,,,,,,,,,,,,,,,,,,,,,,,,,,,,,,,,,,,,,,,grant,27/06/2016
33,Ardeacinerea,,,,,,,,,,,,,,,,,,,,,,,,,,,,,,,,,,,,,,,,,,,,,,,,,,,,,,,,,,,,,,,,,,,N,grant,27/06/2016
34,Ardeacocoi,,,,,,,,,,,,,,,,,,,,,,,,,,,,,,,,,,,,,,,,,,,,,,,,,,,,,,,,,,,,,,,,,,,,grant,27/06/2016
35,Ardeagoliath,,,,,,,,,,,,,,,,,,,,,,,,,,,,,,,,,,,,,,,,,,,,,,,,,,,,,,,,,,,,,,,,,,,,grant,27/06/2016
36,Ardeaherodias,,,,,,,,,,,,,,,,,,,,,,,,,,,,,,,,,,,,,,,,,,,,,,,,,,,,,,,,,,,,,,,,,,,,grant,27/06/2016
37,Ardeahumbloti,,,,,,,,,,,,,,,,,,,,,,,,,,,,,,,,,,,,,,,,,,,,,,,,,,,,,,,,,,,,,,,,,,,,grant,27/06/2016
38,Ardeainsignis,,,,,,,,,,,,,,,,,,,,,,,,,,,,,,,,,,,,,,,,,,,,,,,,,,,,,,,,,,,,,,,,,,,,grant,27/06/2016
39,Ardeaintermedia,,,,,,,,,,,,,,,,,,,,,,,,,,,,,,,,,,,,,,,,,,,,,,,,,,,,,,,,,,,,,,,,,,,Y,grant,27/06/2016
40,Ardeamelanocephala,,,,,,,,,,,,,,,,,,,,,,,,,,,,,,,,,,,,,,,,,,,,,,,,,,,,,,,,,,,,,,,,,,,,grant,27/06/2016
41,Ardeapacifica,,,,,,,,,,,,,,,,,,,,,,,,,,,,,,,,,,,,,,,,,,,,,,,,,,,,,,,,,,,,,,,,,,,,grant,27/06/2016
42,Ardeaplumifera,,,,,,,,,,,,,,,,,,,,,,,,,,,,,,,,,,,,,,,,,,,,,,,,,,,,,,,,,,,,,,,,,,,N,grant,27/06/2016
43,Ardeapurpurea,,,,,,,,,,,,,,,,,,,,,,,,,,,,,,,,,,,,,,,,,,,,,,,,,,,,,,,,,,,,,,,,,,,,grant,27/06/2016
44,Ardeasumatrana,,,,,,,,,,,,,,,,,,,,,,,,,,,,,,,,,,,,,,,,,,,,,,,,,,,,,,,,,,,,,,,,,,,Y,grant,27/06/2016
45,Ardeolabacchus,,,,,,,,,,,,,,,,,,,,,,,,,,,,,,,,,,,,,,,,,,,,,,,,,,,,,,,,,,,,,,,,,,,,grant,27/06/2016
46,Ardeolagrayii,,,,,,,,,,,,,,,,,,,,,,,,,,,,,,,,,,,,,,,,,,,,,,,,,,,,,,,,,,,,,,,,,,,,grant,27/06/2016
47,Ardeolaidae,,,,,,,,,,,,,,,,,,,,,,,,,,,,,,,,,,,,,,,,,,,,,,,,,,,,,,,,,,,,,,,,,,,,grant,27/06/2016
48,Ardeolaralloides,,,,,,,,,,,,,,,,,,,,,,,,,,,,,,,,,,,,,,,,,,,,,,,,,,,,,,,,,,,,,,,,,,,Y/N,grant,27/06/2016
49,Ardeolarufiventris,,,,,,,,,,,,,,,,,,,,,,,,,,,,,,,,,,,,,,,,,,,,,,,,,,,,,,,,,,,,,,,,,,,N,grant,27/06/2016
50,Ardeolaspeciosa,,,,,,,,,,,,,,,,,,,,,,,,,,,,,,,,,,,,,,,,,,,,,,,,,,,,,,,,,,,,,,,,,,,,grant,27/06/2016
51,Botauruslentiginosus,,,,,,,,,,,,,,,,,,,,,,,,,,,,,,,,,,,,,,,,,,,,,,,,,,,,,,,,,,,,,,,,,,,,grant,27/06/2016
52,Botauruspinnatus,,,,,,,,,,,,,,,,,,,,,,,,,,,,,,,,,,,,,,,,,,,,,,,,,,,,,,,,,,,,,,,,,,,,grant,27/06/2016
53,Botauruspoiciloptilus,,,,,,,,,,,,,,,,,,,,,,,,,,,,,,,,,,,,,,,,,,,,,,,,,,,,,,,,,,,,,,,,,,,,grant,27/06/2016
54,Botaurusstellaris,,,,,,,,,,,,,,,,,,,,,,,,,,,,,,,,,,,,,,,,,,,,,,,,,,,,,,,,,,,,,,,,,,,,grant,27/06/2016
55,Bubulcusibis,,,,,,,,,,,,,,,,,,,,,,,,,,,,,,,,,,,,,,,,,,,,,,,,,,,,,,,,,,,,,,,,,,,N,grant,27/06/2016
56,Butoridesstriata,,,,,,,,,,,,,,,,,,,,,,,,,,,,,,,,,,,,,,,,,,,,,,,,,,,,,,,,,,,,,,,,,,,,grant,27/06/2016
57,Calherodiusleuconotus,,,,,,,,,,,,,,,,,,,,,,,,,,,,,,,,,,,,,,,,,,,,,,,,,,,,,,,,,,,,,,,,,,,,grant,27/06/2016
58,Cochleariuscochlearius,,,,,,,,,,,,,,,,,,,,,,,,,,,,,,,,,,,,,,,,,,,,,,,,,,,,,,,,,,,,,,,,,,,,grant,27/06/2016
59,Egrettaardesiaca,,,,,,,,,,,,,,,,,,,,,,,,,,,,,,,,,,,,,,,,,,,,,,,,,,,,,,,,,,,,,,,,,,,,grant,27/06/2016
60,Egrettacaerulea,,,,,,,,,,,,,,,,,,,,,,,,,,,,,,,,,,,,,,,,,,,,,,,,,,,,,,,,,,,,,,,,,,,,grant,27/06/2016
61,Egrettaeulophotes,,,,,,,,,,,,,,,,,,,,,,,,,,,,,,,,,,,,,,,,,,,,,,,,,,,,,,,,,,,,,,,,,,,,grant,27/06/2016
62,Egrettagarzetta,,,,,,,,,,,,,,,,,,,,,,,,,,,,,,,,,,,,,,,,,,,,,,,,,,,,,,,,,,,,,,,,,,,Y,grant,27/06/2016
63,Egrettagularis,,,,,,,,,,,,,,,,,,,,,,,,,,,,,,,,,,,,,,,,,,,,,,,,,,,,,,,,,,,,,,,,,,,,grant,27/06/2016
64,Egrettanovaehollandiae,,,,,,,,,,,,,,,,,,,,,,,,,,,,,,,,,,,,,,,,,,,,,,,,,,,,,,,,,,,,,,,,,,,,grant,27/06/2016
65,Egrettapicata,,,,,,,,,,,,,,,,,,,,,,,,,,,,,,,,,,,,,,,,,,,,,,,,,,,,,,,,,,,,,,,,,,,,grant,27/06/2016
66,Egrettarufescens,,,,,,,,,,,,,,,,,,,,,,,,,,,,,,,,,,,,,,,,,,,,,,,,,,,,,,,,,,,,,,,,,,,,grant,27/06/2016
67,Egrettasacra,,,,,,,,,,,,,,,,,,,,,,,,,,,,,,,,,,,,,,,,,,,,,,,,,,,,,,,,,,,,,,,,,,,,grant,27/06/2016
68,Egrettathula,,,,,,,,,,,,,,,,,,,,,,,,,,,,,,,,,,,,,,,,,,,,,,,,,,,,,,,,,,,,,,,,,,,,grant,27/06/2016
69,Egrettatricolor,,,,,,,,,,,,,,,,,,,,,,,,,,,,,,,,,,,,,,,,,,,,,,,,,,,,,,,,,,,,,,,,,,,N,grant,27/06/2016
70,Egrettavinaceigula,,,,,,,,,,,,,,,,,,,,,,,,,,,,,,,,,,,,,,,,,,,,,,,,,,,,,,,,,,,,,,,,,,,,grant,27/06/2016
71,Gorsachiusgoisagi,,,,,,,,,,,,,,,,,,,,,,,,,,,,,,,,,,,,,,,,,,,,,,,,,,,,,,,,,,,,,,,,,,,,grant,27/06/2016
72,Gorsachiusmagnificus,,,,,,,,,,,,,,,,,,,,,,,,,,,,,,,,,,,,,,,,,,,,,,,,,,,,,,,,,,,,,,,,,,,,grant,27/06/2016
73,Gorsachiusmelanolophus,,,,,,,,,,,,,,,,,,,,,,,,,,,,,,,,,,,,,,,,,,,,,,,,,,,,,,,,,,,,,,,,,,,,grant,27/06/2016
74,Ixobrychuscinnamomeus,,,,,,,,,,,,,,,,,,,,,,,,,,,,,,,,,,,,,,,,,,,,,,,,,,,,,,,,,,,,,,,,,,,,grant,27/06/2016
75,Ixobrychusdubius,,,,,,,,,,,,,,,,,,,,,,,,,,,,,,,,,,,,,,,,,,,,,,,,,,,,,,,,,,,,,,,,,,,N,grant,27/06/2016
76,Ixobrychuseurhythmus,,,,,,,,,,,,,,,,,,,,,,,,,,,,,,,,,,,,,,,,,,,,,,,,,,,,,,,,,,,,,,,,,,,,grant,27/06/2016
77,Ixobrychusexilis,,,,,,,,,,,,,,,,,,,,,,,,,,,,,,,,,,,,,,,,,,,,,,,,,,,,,,,,,,,,,,,,,,,N,grant,27/06/2016
78,Ixobrychusflavicollis,,,,,,,,,,,,,,,,,,,,,,,,,,,,,,,,,,,,,,,,,,,,,,,,,,,,,,,,,,,,,,,,,,,,grant,27/06/2016
79,Ixobrychusinvolucris,,,,,,,,,,,,,,,,,,,,,,,,,,,,,,,,,,,,,,,,,,,,,,,,,,,,,,,,,,,,,,,,,,,,grant,27/06/2016
80,Ixobrychusminutus,,,,,,,,,,,,,,,,,,,,,,,,,,,,,,,,,,,,,,,,,,,,,,,,,,,,,,,,,,,,,,,,,,,N,grant,27/06/2016
81,Ixobrychusnovaezelandiae,,,,,,,,,,,,,,,,,,,,,,,,,,,,,,,,,,,,,,,,,,,,,,,,,,,,,,,,,,,,,,,,,,,,grant,27/06/2016
82,Ixobrychussinensis,,,,,,,,,,,,,,,,,,,,,,,,,,,,,,,,,,,,,,,,,,,,,,,,,,,,,,,,,,,,,,,,,,,,grant,27/06/2016
83,Ixobrychussturmii,,,,,,,,,,,,,,,,,,,,,,,,,,,,,,,,,,,,,,,,,,,,,,,,,,,,,,,,,,,,,,,,,,,,grant,27/06/2016
84,Nyctanassacarcinocatactes,,,,,,,,,,,,,,,,,,,,,,,,,,,,,,,,,,,,,,,,,,,,,,,,,,,,,,,,,,,,,,,,,,,,grant,27/06/2016
85,Nyctanassaviolacea,,,,,,,,,,,,,,,,,,,,,,,,,,,,,,,,,,,,,,,,,,,,,,,,,,,,,,,,,,,,,,,,,,,,grant,27/06/2016
86,Nycticoraxcaledonicus,,,,,,,,,,,,,,,,,,,,,,,,,,,,,,,,,,,,,,,,,,,,,,,,,,,,,,,,,,,,,,,,,,,,grant,27/06/2016
87,Nycticoraxduboisi,,,,,,,,,,,,,,,,,,,,,,,,,,,,,,,,,,,,,,,,,,,,,,,,,,,,,,,,,,,,,,,,,,,,grant,27/06/2016
88,Nycticoraxmauritianus,,,,,,,,,,,,,,,,,,,,,,,,,,,,,,,,,,,,,,,,,,,,,,,,,,,,,,,,,,,,,,,,,,,,grant,27/06/2016
89,Nycticoraxmegacephalus,,,,,,,,,,,,,,,,,,,,,,,,,,,,,,,,,,,,,,,,,,,,,,,,,,,,,,,,,,,,,,,,,,,,grant,27/06/2016
90,Nycticoraxnycticorax,,,,,,,,,,,,,,,,,,,,,,,,,,,,,,,,,,,,,,,,,,,,,,,,,,,,,,,,,,,,,,,,,,,,grant,27/06/2016
91,Pilherodiuspileatus,,,,,,,,,,,,,,,,,,,,,,,,,,,,,,,,,,,,,,,,,,,,,,,,,,,,,,,,,,,,,,,,,,,N,grant,27/06/2016
92,Syrigmasibilatrix,,,,,,,,,,,,,,,,,,,,,,,,,,,,,,,,,,,,,,,,,,,,,,,,,,,,,,,,,,,,,,,,,,,,grant,27/06/2016
93,Tigriornisleucolopha,,,,,,,,,,,,,,,,,,,,,,,,,,,,,,,,,,,,,,,,,,,,,,,,,,,,,,,,,,,,,,,,,,,N,grant,27/06/2016
94,Tigrisomafasciatum,,,,,,,,,,,,,,,,,,,,,,,,,,,,,,,,,,,,,,,,,,,,,,,,,,,,,,,,,,,,,,,,,,,,grant,27/06/2016
95,Tigrisomalineatum,,,,,,,,,,,,,,,,,,,,,,,,,,,,,,,,,,,,,,,,,,,,,,,,,,,,,,,,,,,,,,,,,,,,grant,27/06/2016
96,Tigrisomamexicanum,,,,,,,,,,,,,,,,,,,,,,,,,,,,,,,,,,,,,,,,,,,,,,,,,,,,,,,,,,,,,,,,,,,N,grant,27/06/2016
97,Zebrilusundulatus,,,,,,,,,,,,,,,,,,,,,,,,,,,,,,,,,,,,,,,,,,,,,,,,,,,,,,,,,,,,,,,,,,,,grant,27/06/2016
98,Zonerodiusheliosylus,,,,,,,,,,,,,,,,,,,,,,,,,,,,,,,,,,,,,,,,,,,,,,,,,,,,,,,,,,,,,,,,,,,,grant,27/06/2016
99,Balaenicepsrex,,,,,,,,,,,,,,,,,,,,,,,,,,,,,,,,,,,,,,,,,,,,,,,,,,,,,,,,,,,,,,,,,,,,grant,27/06/2016
100,Burhinusbistriatus,,,,,,,,,,,,,,,,,,,,,,,,,,,,,,,,,,,,,,,,,,,,,,,,,,,,,,,,,,,,,,,,,,,,grant,27/06/2016
101,Burhinuscapensis,,,,,,,,,,,,,,,,,,,,,,,,,,,,,,,,,,,,,,,,,,,,,,,,,,,,,,,,,,,,,,,,,,,,grant,27/06/2016
102,Burhinusgrallarius,,,,,,,,,,,,,,,,,,,,,,,,,,,,,,,,,,,,,,,,,,,,,,,,,,,,,,,,,,,,,,,,,,,,grant,27/06/2016
103,Burhinusindicus,,,,,,,,,,,,,,,,,,,,,,,,,,,,,,,,,,,,,,,,,,,,,,,,,,,,,,,,,,,,,,,,,,,,grant,27/06/2016
104,Burhinusoedicnemus,,,,,,,,,,,,,,,,,,,,,,,,,,,,,,,,,,,,,,,,,,,,,,,,,,,,,,,,,,,,,,,,,,,,grant,27/06/2016
105,Burhinussenegalensis,,,,,,,,,,,,,,,,,,,,,,,,,,,,,,,,,,,,,,,,,,,,,,,,,,,,,,,,,,,,,,,,,,,,grant,27/06/2016
106,Burhinussuperciliaris,,,,,,,,,,,,,,,,,,,,,,,,,,,,,,,,,,,,,,,,,,,,,,,,,,,,,,,,,,,,,,,,,,,,grant,27/06/2016
107,Burhinusvermiculatus,,,,,,,,,,,,,,,,,,,,,,,,,,,,,,,,,,,,,,,,,,,,,,,,,,,,,,,,,,,,,,,,,,,,grant,27/06/2016
108,Esacusmagnirostris,,,,,,,,,,,,,,,,,,,,,,,,,,,,,,,,,,,,,,,,,,,,,,,,,,,,,,,,,,,,,,,,,,,,grant,27/06/2016
109,Esacusrecurvirostris,,,,,,,,,,,,,,,,,,,,,,,,,,,,,,,,,,,,,,,,,,,,,,,,,,,,,,,,,,,,,,,,,,,,grant,27/06/2016
110,Anarhynchusfrontalis,,,,,,,,,,,,,,,,,,,,,,,,,,,,,,,,,,,,,,,,,,,,,,,,,,,,,,,,,,,,,,,,,,,,grant,27/06/2016
111,Charadriusalexandrinus,,,,,,,,,,,,,,,,,,,,,,,,,,,,,,,,,,,,,,,,,,,,,,,,,,,,,,,,,,,,,,,,,,,,grant,27/06/2016
112,Charadriusalticola,,,,,,,,,,,,,,,,,,,,,,,,,,,,,,,,,,,,,,,,,,,,,,,,,,,,,,,,,,,,,,,,,,,,grant,27/06/2016
113,Charadriusaquilonius,,,,,,,,,,,,,,,,,,,,,,,,,,,,,,,,,,,,,,,,,,,,,,,,,,,,,,,,,,,,,,,,,,,,grant,27/06/2016
114,Charadriusasiaticus,,,,,,,,,,,,,,,,,,,,,,,,,,,,,,,,,,,,,,,,,,,,,,,,,,,,,,,,,,,,,,,,,,,,grant,27/06/2016
115,Charadriusbicinctus,,,,,,,,,,,,,,,,,,,,,,,,,,,,,,,,,,,,,,,,,,,,,,,,,,,,,,,,,,,,,,,,,,,,grant,27/06/2016
116,Charadriusbifrontatus,,,,,,,,,,,,,,,,,,,,,,,,,,,,,,,,,,,,,,,,,,,,,,,,,,,,,,,,,,,,,,,,,,,,grant,27/06/2016
117,Charadriuscollaris,,,,,,,,,,,,,,,,,,,,,,,,,,,,,,,,,,,,,,,,,,,,,,,,,,,,,,,,,,,,,,,,,,,,grant,27/06/2016
118,Charadriusdealbatus,,,,,,,,,,,,,,,,,,,,,,,,,,,,,,,,,,,,,,,,,,,,,,,,,,,,,,,,,,,,,,,,,,,,grant,27/06/2016
119,Charadriusdubius,,,,,,,,,,,,,,,,,,,,,,,,,,,,,,,,,,,,,,,,,,,,,,,,,,,,,,,,,,,,,,,,,,,,grant,27/06/2016
120,Charadriusfalklandicus,,,,,,,,,,,,,,,,,,,,,,,,,,,,,,,,,,,,,,,,,,,,,,,,,,,,,,,,,,,,,,,,,,,,grant,27/06/2016
121,Charadriusforbesi,,,,,,,,,,,,,,,,,,,,,,,,,,,,,,,,,,,,,,,,,,,,,,,,,,,,,,,,,,,,,,,,,,,,grant,27/06/2016
122,Charadriushiaticula,,,,,,,,,,,,,,,,,,,,,,,,,,,,,,,,,,,,,,,,,,,,,,,,,,,,,,,,,,,,,,,,,,,,grant,27/06/2016
123,Charadriusjavanicus,,,,,,,,,,,,,,,,,,,,,,,,,,,,,,,,,,,,,,,,,,,,,,,,,,,,,,,,,,,,,,,,,,,,grant,27/06/2016
124,Charadriusleschenaultii,,,,,,,,,,,,,,,,,,,,,,,,,,,,,,,,,,,,,,,,,,,,,,,,,,,,,,,,,,,,,,,,,,,,grant,27/06/2016
125,Charadriusmarginatus,,,,,,,,,,,,,,,,,,,,,,,,,,,,,,,,,,,,,,,,,,,,,,,,,,,,,,,,,,,,,,,,,,,,grant,27/06/2016
126,Charadriusmelodus,,,,,,,,,,,,,,,,,,,,,,,,,,,,,,,,,,,,,,,,,,,,,,,,,,,,,,,,,,,,,,,,,,,,grant,27/06/2016
127,Charadriusmodestus,,,,,,,,,,,,,,,,,,,,,,,,,,,,,,,,,,,,,,,,,,,,,,,,,,,,,,,,,,,,,,,,,,,,grant,27/06/2016
128,Charadriusmongolus,,,,,,,,,,,,,,,,,,,,,,,,,,,,,,,,,,,,,,,,,,,,,,,,,,,,,,,,,,,,,,,,,,,,grant,27/06/2016
129,Charadriusmontanus,,,,,,,,,,,,,,,,,,,,,,,,,,,,,,,,,,,,,,,,,,,,,,,,,,,,,,,,,,,,,,,,,,,,grant,27/06/2016
130,Charadriusnivosus,,,,,,,,,,,,,,,,,,,,,,,,,,,,,,,,,,,,,,,,,,,,,,,,,,,,,,,,,,,,,,,,,,,,grant,27/06/2016
131,Charadriusobscurus,,,,,,,,,,,,,,,,,,,,,,,,,,,,,,,,,,,,,,,,,,,,,,,,,,,,,,,,,,,,,,,,,,,,grant,27/06/2016
132,Charadriuspallidus,,,,,,,,,,,,,,,,,,,,,,,,,,,,,,,,,,,,,,,,,,,,,,,,,,,,,,,,,,,,,,,,,,,,grant,27/06/2016
133,Charadriuspecuarius,,,,,,,,,,,,,,,,,,,,,,,,,,,,,,,,,,,,,,,,,,,,,,,,,,,,,,,,,,,,,,,,,,,,grant,27/06/2016
134,Charadriusperonii,,,,,,,,,,,,,,,,,,,,,,,,,,,,,,,,,,,,,,,,,,,,,,,,,,,,,,,,,,,,,,,,,,,,grant,27/06/2016
135,Charadriusplacidus,,,,,,,,,,,,,,,,,,,,,,,,,,,,,,,,,,,,,,,,,,,,,,,,,,,,,,,,,,,,,,,,,,,,grant,27/06/2016
136,Charadriusruficapillus,,,,,,,,,,,,,,,,,,,,,,,,,,,,,,,,,,,,,,,,,,,,,,,,,,,,,,,,,,,,,,,,,,,,grant,27/06/2016
137,Charadriussanctaehelenae,,,,,,,,,,,,,,,,,,,,,,,,,,,,,,,,,,,,,,,,,,,,,,,,,,,,,,,,,,,,,,,,,,,,grant,27/06/2016
138,Charadriussemipalmatus,,,,,,,,,,,,,,,,,,,,,,,,,,,,,,,,,,,,,,,,,,,,,,,,,,,,,,,,,,,,,,,,,,,,grant,27/06/2016
139,Charadriusthoracicus,,,,,,,,,,,,,,,,,,,,,,,,,,,,,,,,,,,,,,,,,,,,,,,,,,,,,,,,,,,,,,,,,,,,grant,27/06/2016
140,Charadriustricollaris,,,,,,,,,,,,,,,,,,,,,,,,,,,,,,,,,,,,,,,,,,,,,,,,,,,,,,,,,,,,,,,,,,,,grant,27/06/2016
141,Charadriusveredus,,,,,,,,,,,,,,,,,,,,,,,,,,,,,,,,,,,,,,,,,,,,,,,,,,,,,,,,,,,,,,,,,,,,grant,27/06/2016
142,Charadriusvociferus,,,,,,,,,,,,,,,,,,,,,,,,,,,,,,,,,,,,,,,,,,,,,,,,,,,,,,,,,,,,,,,,,,,,grant,27/06/2016
143,Charadriuswilsonia,,,,,,,,,,,,,,,,,,,,,,,,,,,,,,,,,,,,,,,,,,,,,,,,,,,,,,,,,,,,,,,,,,,,grant,27/06/2016
144,Elseyornismelanops,,,,,,,,,,,,,,,,,,,,,,,,,,,,,,,,,,,,,,,,,,,,,,,,,,,,,,,,,,,,,,,,,,,,grant,27/06/2016
145,Erythrogonyscinctus,,,,,,,,,,,,,,,,,,,,,,,,,,,,,,,,,,,,,,,,,,,,,,,,,,,,,,,,,,,,,,,,,,,,grant,27/06/2016
146,Eudromiasmorinellus,,,,,,,,,,,,,,,,,,,,,,,,,,,,,,,,,,,,,,,,,,,,,,,,,,,,,,,,,,,,,,,,,,,,grant,27/06/2016
147,Hoploxypteruscayanus,,,,,,,,,,,,,,,,,,,,,,,,,,,,,,,,,,,,,,,,,,,,,,,,,,,,,,,,,,,,,,,,,,,,grant,27/06/2016
148,Oreopholusruficollis,,,,,,,,,,,,,,,,,,,,,,,,,,,,,,,,,,,,,,,,,,,,,,,,,,,,,,,,,,,,,,,,,,,,grant,27/06/2016
149,Peltohyasaustralis,,,,,,,,,,,,,,,,,,,,,,,,,,,,,,,,,,,,,,,,,,,,,,,,,,,,,,,,,,,,,,,,,,,,grant,27/06/2016
150,Phegornismitchellii,,,,,,,,,,,,,,,,,,,,,,,,,,,,,,,,,,,,,,,,,,,,,,,,,,,,,,,,,,,,,,,,,,,,grant,27/06/2016
151,Pluvialisapricaria,,,,,,,,,,,,,,,,,,,,,,,,,,,,,,,,,,,,,,,,,,,,,,,,,,,,,,,,,,,,,,,,,,,,grant,27/06/2016
152,Pluvialisdominica,,,,,,,,,,,,,,,,,,,,,,,,,,,,,,,,,,,,,,,,,,,,,,,,,,,,,,,,,,,,,,,,,,,,grant,27/06/2016
153,Pluvialisfulva,,,,,,,,,,,,,,,,,,,,,,,,,,,,,,,,,,,,,,,,,,,,,,,,,,,,,,,,,,,,,,,,,,,,grant,27/06/2016
154,Pluvialissquatarola,,,,,,,,,,,,,,,,,,,,,,,,,,,,,,,,,,,,,,,,,,,,,,,,,,,,,,,,,,,,,,,,,,,,grant,27/06/2016
155,Thinorniscucullatus,,,,,,,,,,,,,,,,,,,,,,,,,,,,,,,,,,,,,,,,,,,,,,,,,,,,,,,,,,,,,,,,,,,,grant,27/06/2016
156,Thinornisnovaeseelandiae,,,,,,,,,,,,,,,,,,,,,,,,,,,,,,,,,,,,,,,,,,,,,,,,,,,,,,,,,,,,,,,,,,,,grant,27/06/2016
157,Vanellusalbiceps,,,,,,,,,,,,,,,,,,,,,,,,,,,,,,,,,,,,,,,,,,,,,,,,,,,,,,,,,,,,,,,,,,,,grant,27/06/2016
158,Vanellusarmatus,,,,,,,,,,,,,,,,,,,,,,,,,,,,,,,,,,,,,,,,,,,,,,,,,,,,,,,,,,,,,,,,,,,,grant,27/06/2016
159,Vanelluschilensis,,,,,,,,,,,,,,,,,,,,,,,,,,,,,,,,,,,,,,,,,,,,,,,,,,,,,,,,,,,,,,,,,,,,grant,27/06/2016
160,Vanelluscinereus,,,,,,,,,,,,,,,,,,,,,,,,,,,,,,,,,,,,,,,,,,,,,,,,,,,,,,,,,,,,,,,,,,,,grant,27/06/2016
161,Vanelluscoronatus,,,,,,,,,,,,,,,,,,,,,,,,,,,,,,,,,,,,,,,,,,,,,,,,,,,,,,,,,,,,,,,,,,,,grant,27/06/2016
162,Vanelluscrassirostris,,,,,,,,,,,,,,,,,,,,,,,,,,,,,,,,,,,,,,,,,,,,,,,,,,,,,,,,,,,,,,,,,,,,grant,27/06/2016
163,Vanellusduvaucelii,,,,,,,,,,,,,,,,,,,,,,,,,,,,,,,,,,,,,,,,,,,,,,,,,,,,,,,,,,,,,,,,,,,,grant,27/06/2016
164,Vanellusgregarius,,,,,,,,,,,,,,,,,,,,,,,,,,,,,,,,,,,,,,,,,,,,,,,,,,,,,,,,,,,,,,,,,,,,grant,27/06/2016
165,Vanellusindicus,,,,,,,,,,,,,,,,,,,,,,,,,,,,,,,,,,,,,,,,,,,,,,,,,,,,,,,,,,,,,,,,,,,,grant,27/06/2016
166,Vanellusleucurus,,,,,,,,,,,,,,,,,,,,,,,,,,,,,,,,,,,,,,,,,,,,,,,,,,,,,,,,,,,,,,,,,,,,grant,27/06/2016
167,Vanelluslugubris,,,,,,,,,,,,,,,,,,,,,,,,,,,,,,,,,,,,,,,,,,,,,,,,,,,,,,,,,,,,,,,,,,,,grant,27/06/2016
168,Vanellusmacropterus,,,,,,,,,,,,,,,,,,,,,,,,,,,,,,,,,,,,,,,,,,,,,,,,,,,,,,,,,,,,,,,,,,,,grant,27/06/2016
169,Vanellusmalarbaricus,,,,,,,,,,,,,,,,,,,,,,,,,,,,,,,,,,,,,,,,,,,,,,,,,,,,,,,,,,,,,,,,,,,,grant,27/06/2016
170,Vanellusmelanocephalus,,,,,,,,,,,,,,,,,,,,,,,,,,,,,,,,,,,,,,,,,,,,,,,,,,,,,,,,,,,,,,,,,,,,grant,27/06/2016
171,Vanellusmelanopterus,,,,,,,,,,,,,,,,,,,,,,,,,,,,,,,,,,,,,,,,,,,,,,,,,,,,,,,,,,,,,,,,,,,,grant,27/06/2016
172,Vanellusmiles,,,,,,,,,,,,,,,,,,,,,,,,,,,,,,,,,,,,,,,,,,,,,,,,,,,,,,,,,,,,,,,,,,,,grant,27/06/2016
173,Vanellusnovaehollandiae,,,,,,,,,,,,,,,,,,,,,,,,,,,,,,,,,,,,,,,,,,,,,,,,,,,,,,,,,,,,,,,,,,,,grant,27/06/2016
174,Vanellusresplendens,,,,,,,,,,,,,,,,,,,,,,,,,,,,,,,,,,,,,,,,,,,,,,,,,,,,,,,,,,,,,,,,,,,,grant,27/06/2016
175,Vanellussenegallus,,,,,,,,,,,,,,,,,,,,,,,,,,,,,,,,,,,,,,,,,,,,,,,,,,,,,,,,,,,,,,,,,,,,grant,27/06/2016
176,Vanellusspinosus,,,,,,,,,,,,,,,,,,,,,,,,,,,,,,,,,,,,,,,,,,,,,,,,,,,,,,,,,,,,,,,,,,,,grant,27/06/2016
177,Vanellussuperciliosus,,,,,,,,,,,,,,,,,,,,,,,,,,,,,,,,,,,,,,,,,,,,,,,,,,,,,,,,,,,,,,,,,,,,grant,27/06/2016
178,Vanellustectus,,,,,,,,,,,,,,,,,,,,,,,,,,,,,,,,,,,,,,,,,,,,,,,,,,,,,,,,,,,,,,,,,,,,grant,27/06/2016
179,Vanellustricolor,,,,,,,,,,,,,,,,,,,,,,,,,,,,,,,,,,,,,,,,,,,,,,,,,,,,,,,,,,,,,,,,,,,,grant,27/06/2016
180,Vanellusvanellus,,,,,,,,,,,,,,,,,,,,,,,,,,,,,,,,,,,,,,,,,,,,,,,,,,,,,,,,,,,,,,,,,,,,grant,27/06/2016
181,Chionisalbus,,,,,,,,,,,,,,,,,,,,,,,,,,,,,,,,,,,,,,,,,,,,,,,,,,,,,,,,,,,,,,,,,,,,,
182,Chionisminor,,,,,,,,,,,,,,,,,,,,,,,,,,,,,,,,,,,,,,,,,,,,,,,,,,,,,,,,,,,,,,,,,,,,,
183,Diomedeaamsterdamensis,,4.8,8,,,4.8,8,,,,,,,,1,,,,,79,,,,235,,,,,,,,,,,,,,,,,,,,,,,,,,,,,300,,,,40,,,ca,,94,95,,,,,grant,27/06/2016
184,Diomedeaantipodensis,,,,,,,,,,,,,,,1,,,,,,,,,,,,,,,,,,,,,,,,,,,,,,,,,,,,,,,,,,,,,,,,,,,,,grant,27/06/2016
185,Diomedeadabbenena,,,,,,,,,,,,,,,1,,,,,,,,,,,,,,,,,,,,,,,,,,,,,,,,,,,,,,,,,,,,,,,,,,,,,grant,27/06/2016
186,Diomedeaepomophora,,8,10,,,8,10,,,,,,,,1,,,,616,,78,80,,241,,,,,,,83,,,,,0,,,,10.4,,,,,,,,7,11,,OS,,,,,,58,,,+,97,,,,,,,grant,27/06/2016
187,Diomedeaexulans,,6,11,,,6,11,,,,,,,,1,,,,648,,75,83,,278,,,,,,,56,,,,,0,,,,11.5,,132,15.3,,,,9,7,11,,OS,,311,,,,35,,,,96,,,,,,,grant,27/06/2016
188,Diomedeasanfordi,,,,,,,,,,,,,,,1,,,,,79,,,,240,,,,,,,,,,,,,,,,,,,,,,,,,,,,,,,,,,,,,,,,,,,,grant,27/06/2016
189,Phoebastriaalbatrus,,,,,,,,,,,,,,,1,,,,,,63,66,,180,,,c,,,,,,,,,,,,,,,,,,,,,,,,,,,213,229,,,,,,,,,,,,,grant,27/06/2016
190,Phoebastriaimmutabilis,2.85,,,,3.23,,,,,,,,,,1,,,,,65,,,,165,,,,,,,,,,,,,,,weeks,,,,,,,,8,8,9,,OS,,,195,202,,53,,,ca,95,,,,,,,grant,27/06/2016
191,Phoebastriairrorata,3.5,,,,3.5,,,,,,,,,,1,,,,,60,,,,167,,,,,,,,,,,,0,,,,,,,,,,,8.3,,,,,,,230,240,,40,,,ca,95,,,,,,,grant,27/06/2016
192,Phoebastrianigripes,3,,,,3.4,,,,,,,,,,1,,,,,,64,65,,145.6,,,,,,,,,,,,40,,,,,,,,,,79,7,5,9,,OS,,,193,227,,41,,,,,89,94,,,,,grant,27/06/2016
193,Phoebetriafusca,2.4,,,,2.7,,,,,,,,,,1,,,,243,,69,72,,,140,167,,,,,,,,,,0,,,,2.9,,,,,,,,5,15,+,NS,,,205,213,,30,,,+,95,,,,,,,grant,27/06/2016
194,Phoebetriapalpebrata,,2.8,3.1,,,2.8,3.1,,,,,,,,1,,,,258,,66,69,,,140,157,,,,,45,,,,,,,,,3.45,,,,,,,7,,,,OS,,218,,,,,,,,97.3,,,,,,,grant,27/06/2016
195,Thalassarchebulleri,2.78,,,,3.12,,,,,,,,,,1,,,,,,69,72,,,140,167,,,,,,,,,,0,,,,,,,,,,,5,,,+,NS,,,205,213,,30,,,+,91.3,,,,,,,grant,27/06/2016
196,Thalassarchecarteri,,,,,,,,,,,,,,,1,,,,,,7,78,,130,,,c,,,,,,,,,,,,,,,,,,,,9,,,ca,OS,,,,,,,,,,,,,,,,,grant,27/06/2016
197,Thalassarchecauta,,3.4,3.8,,,4,4.4,,,,,,,,1,,,,,,68,75,,120,,,c,,,,,,,,,0,,,,,,,,,,,,,,,"NS,OS",,,212,256,,,,,,,,,,,,,grant,27/06/2016
198,Thalassarchechlororhynchos,2.5,2.4,2.9,,2.5,2.4,2.9,,,,,,,,1,,,,180,,71,78,,120,,,c,,,,60,,,,,,,,,,,,,,,,9,,,ca,OS,,,200,256,,37,,,+,,,,,,,,grant,27/06/2016
199,Thalassarchechrysostoma,,3,3.6,,,3.4,3.7,,,,,,,,1,,,,276,,69,78,,141,,,c,,,,63,,,,,,,,,4.7,,,,,,,,7,13,,OS,,,180,218,,30,,,+,95,,,,,,,grant,27/06/2016
200,Thalassarcheeremita,,,,,,,,,,,,,,,1,,,,,,,,,,,,,,,,,,,,,,,,,,,,,,,,,,,,,,,,,,,,,,,,,,,,,grant,27/06/2016
201,Thalassarcheimpavida,2.7,,,,3.1,,,,,,,,,,1,,,,,,,,,,,,,,,,,,,,,0,,,,,,,,,,,10,,,,OS,,,,,,,,,,94.5,,,,,,,grant,27/06/2016
202,Thalassarchemelanophris,3.22,,,,3.92,,,,,,,,,,1,,,,257,,65,72,,,116,125,,,,,70,,,,,,,,,5,,,,,,,,7,11,,"NS,OS",,,216,240,,,,,,92,,,,,,,grant,27/06/2016
203,Thalassarchesalvini,,,,,,,,,,,,,,,1,,,,,,,,,,,,,,,,,,,,,,,,,,,,,,,,,,,,,,,,,,,,,,,,,,,,,grant,27/06/2016
204,Thalassarchesteadi,,,,,,,,,,,,,,,,,,,,,,,,,,,,,,,,,,,,,,,,,,,,,,,,,,,,,,,,,,,,,,,,,,,,grant,27/06/2016
205,Dromasardeola,,,,,,,,,,,,,,,,,,,,,,,,,,,,,,,,,,,,,,,,,,,,,,,,,,,,,,,,,,,,,,,,,,,,grant,27/06/2016
206,Fregataandrewsi,1.55,,,,1.4,,,,,,,,,,1,,,,,,46,54,,177,,,,,,,,,,,,,120,200,,,,,,,,,,,,,"NS,OS",,,205,230,,,,,,,,,,,,,grant,27/06/2016
207,Fregataaquila,1.25,,,,1.25,,,,,,,,,,1,,,,,,43,51,,180,,,ca,,,,,,,,,,90,120,,,,,,,,,,,,,OS,,,196,201,,,,,,,,,,,,,grant,27/06/2016
208,Fregataariel,,0.78,1.11,,,0.78,1.11,,,,,,,,1,,,,,50,,,ca,,145,179,,,,,,,,,,,140,180,,,,,,,,,,,,,OS,,,175,195,,,28,,,,,,,,,,grant,27/06/2016
209,Fregatamagnificens,1.67,,,,1.28,,,,,,,,,,1,,,,,59,58,60,,165,,,,,,,15,,,,,150,,,,,,,,,,,,5,7,,OS,,229,,,,,,,,,,,,,,,grant,27/06/2016
210,Fregataminor,,1.1,1.89,,,0.9,1.35,,,,,,,,1,,,,,56,51,60,,,160,169,,,,,,,,,,,158,428,,,,,,,,,,3,7,,OS,,198,,,,,35,,,,,,,,,,grant,27/06/2016
211,Cursoriuscoromandelicus,,,,,,,,,,,,,,,,,,,,,,,,,,,,,,,,,,,,,,,,,,,,,,,,,,,,,,,,,,,,,,,,,,,,grant,27/06/2016
212,Cursoriuscursor,,,,,,,,,,,,,,,,,,,,,,,,,,,,,,,,,,,,,,,,,,,,,,,,,,,,,,,,,,,,,,,,,,,,grant,27/06/2016
213,Cursoriusrufus,,,,,,,,,,,,,,,,,,,,,,,,,,,,,,,,,,,,,,,,,,,,,,,,,,,,,,,,,,,,,,,,,,,,grant,27/06/2016
214,Cursoriussomalensis,,,,,,,,,,,,,,,,,,,,,,,,,,,,,,,,,,,,,,,,,,,,,,,,,,,,,,,,,,,,,,,,,,,,grant,27/06/2016
215,Cursoriustemminckii,,,,,,,,,,,,,,,,,,,,,,,,,,,,,,,,,,,,,,,,,,,,,,,,,,,,,,,,,,,,,,,,,,,,grant,27/06/2016
216,Glareolacinerea,,,,,,,,,,,,,,,,,,,,,,,,,,,,,,,,,,,,,,,,,,,,,,,,,,,,,,,,,,,,,,,,,,,,grant,27/06/2016
217,Glareolalactea,,,,,,,,,,,,,,,,,,,,,,,,,,,,,,,,,,,,,,,,,,,,,,,,,,,,,,,,,,,,,,,,,,,,grant,27/06/2016
218,Glareolamaldivarum,,,,,,,,,,,,,,,,,,,,,,,,,,,,,,,,,,,,,,,,,,,,,,,,,,,,,,,,,,,,,,,,,,,,grant,27/06/2016
219,Glareolanordmanni,,,,,,,,,,,,,,,,,,,,,,,,,,,,,,,,,,,,,,,,,,,,,,,,,,,,,,,,,,,,,,,,,,,,grant,27/06/2016
220,Glareolanuchalis,,,,,,,,,,,,,,,,,,,,,,,,,,,,,,,,,,,,,,,,,,,,,,,,,,,,,,,,,,,,,,,,,,,,grant,27/06/2016
221,Glareolaocularis,,,,,,,,,,,,,,,,,,,,,,,,,,,,,,,,,,,,,,,,,,,,,,,,,,,,,,,,,,,,,,,,,,,,grant,27/06/2016
222,Glareolapratincola,,,,,,,,,,,,,,,,,,,,,,,,,,,,,,,,,,,,,,,,,,,,,,,,,,,,,,,,,,,,,,,,,,,,grant,27/06/2016
223,Rhinoptilusbitorquatus,,,,,,,,,,,,,,,,,,,,,,,,,,,,,,,,,,,,,,,,,,,,,,,,,,,,,,,,,,,,,,,,,,,,grant,27/06/2016
224,Rhinoptiluschalcopterus,,,,,,,,,,,,,,,,,,,,,,,,,,,,,,,,,,,,,,,,,,,,,,,,,,,,,,,,,,,,,,,,,,,,grant,27/06/2016
225,Rhinoptiluscinctus,,,,,,,,,,,,,,,,,,,,,,,,,,,,,,,,,,,,,,,,,,,,,,,,,,,,,,,,,,,,,,,,,,,,grant,27/06/2016
226,Smutsornisafricanus,,,,,,,,,,,,,,,,,,,,,,,,,,,,,,,,,,,,,,,,,,,,,,,,,,,,,,,,,,,,,,,,,,,,grant,27/06/2016
227,Stiltiaisabella,,,,,,,,,,,,,,,,,,,,,,,,,,,,,,,,,,,,,,,,,,,,,,,,,,,,,,,,,,,,,,,,,,,,grant,27/06/2016
228,Haematopusater,,,,,,,,,,,,,,,,,,,,,,,,,,,,,,,,,,,,,,,,,,,,,,,,,,,,,,,,,,,,,,,,,,,,grant,27/06/2016
229,Haematopuschathamensis,,,,,,,,,,,,,,,,,,,,,,,,,,,,,,,,,,,,,,,,,,,,,,,,,,,,,,,,,,,,,,,,,,,,grant,27/06/2016
230,Haematopusfuliginosus,,,,,,,,,,,,,,,,,,,,,,,,,,,,,,,,,,,,,,,,,,,,,,,,,,,,,,,,,,,,,,,,,,,,grant,27/06/2016
231,Haematopusleucopodus,,,,,,,,,,,,,,,,,,,,,,,,,,,,,,,,,,,,,,,,,,,,,,,,,,,,,,,,,,,,,,,,,,,,grant,27/06/2016
232,Haematopuslongirostris,,,,,,,,,,,,,,,,,,,,,,,,,,,,,,,,,,,,,,,,,,,,,,,,,,,,,,,,,,,,,,,,,,,,grant,27/06/2016
233,Haematopusmeadewaldoi,,,,,,,,,,,,,,,,,,,,,,,,,,,,,,,,,,,,,,,,,,,,,,,,,,,,,,,,,,,,,,,,,,,,grant,27/06/2016
234,Haematopusmoquini,,,,,,,,,,,,,,,,,,,,,,,,,,,,,,,,,,,,,,,,,,,,,,,,,,,,,,,,,,,,,,,,,,,,grant,27/06/2016
235,Haematopusostralegus,,,,,,,,,,,,,,,,,,,,,,,,,,,,,,,,,,,,,,,,,,,,,,,,,,,,,,,,,,,,,,,,,,,,grant,27/06/2016
236,Haematopuspalliatus,,,,,,,,,,,,,,,,,,,,,,,,,,,,,,,,,,,,,,,,,,,,,,,,,,,,,,,,,,,,,,,,,,,,grant,27/06/2016
237,Haematopusunicolor,,,,,,,,,,,,,,,,,,,,,,,,,,,,,,,,,,,,,,,,,,,,,,,,,,,,,,,,,,,,,,,,,,,,grant,27/06/2016
238,Hydrobatescastro,,,,,,,,,,,,,,,1,,,,,42,,,,,64,78,,,,,,,,,,,,,,,,,,,,,,,,,,,,44,46,,,,,,,,,,,,,grant,27/06/2016
239,Hydrobatesfurcatus,0.06,,,,0.06,,,,,,,,,,1,,,,12,40,,,,58,,,,,,,1.5,,,,,,,,,0.095,,,,,,,,,,,OS,,,,,,17,,,,,,,,,,,grant,27/06/2016
240,Hydrobateshomochroa,0.039,,,,0.039,,,,,,,,,,1,,,,,44.8,42,59,,84.4,72,119,,,,,,,,,,0,,,,,,,,,,,,,,,"NS,OS",,,,,,8,,,,,,,,,,,grant,27/06/2016
241,Hydrobateshornbyi,,,,,,,,,,,,,,,1,,,,,,,,,,,,,,,,,,,,,,,,,,,,,,,,,,,,OS,,,,,,,,,,,,,,,,,grant,27/06/2016
242,Hydrobatesleucorhous,,0.04,0.05,,,0.04,0.05,,,,,,,,1,,,,9,43.3,37,50,,,56,79,,,,,1.6,,,,,0,,,,0.074,,,,,,,,3,6,,OS,,,45,48,,36,,,,,79,93,,,,,grant,27/06/2016
243,Hydrobatesmacrodactylus,,,,,,,,,,,,,,,,,,,,,,,,,,,,,,,,,,,,,,,,,,,,,,,,,,,,,,,,,,,,,,,,,,,,grant,27/06/2016
244,Hydrobatesmarkhami,,,,,,,,,,,,,,,1,,,,,,,,,,,,,,,,,,,,,,,,,,,,,,,,,,,,OS,,,,,,,,,,,,,,,,,grant,27/06/2016
245,Hydrobatesmatsudairae,,,,,,,,,,,,,,,1,,,,,,,,,,,,,,,,,,,,,,,,,,,,,,,,,,,,,,56,,,,,,,,,,,,,,,grant,27/06/2016
246,Hydrobatesmelania,,,,,,,,,,,,,,,1,,,,,,,,,,,,,,,,,,,,,,,,,,,,,,,,,,,,,,,46,51,,,,,,,,,,,,,grant,27/06/2016
247,Hydrobatesmicrosoma,0.02,,,,0.02,,,,,,,,,,1,,,,,,,,,,,,,,,,,,,,,,,,,,,,,,,,,,,,,,32,,,,,,,,,,,,,,,grant,27/06/2016
248,Hydrobatesmonorhis,,0.038,0.04,,,0.038,0.04,,,,,,,,1,,,,,,,,,,,,,,,,,,,,,,,,,,,,,,,,,,,,,,,44,46,,,,,,,,,,,,,grant,27/06/2016
249,Hydrobatesmonteiroi,,,,,,,,,,,,,,,1,,,,,,,,,,,,,,,,,,,,,,,,,,,,,,,,,,,,,,,,,,,,,,,,,,,,,grant,27/06/2016
250,Hydrobatespelagicus,0.03,,,,0.03,,,,,,,,,,1,,,,7,41,,,,66,,,,,,,0.8,,,,,0,,,,0.044,,,,,,,,,,,OS,,,,,,,,,,,,,,,,,grant,27/06/2016
251,Hydrobatestethys,,,,,,,,,,,,,,,1,,,,,,,,,76,,,,,,,,,,,,,,,,,,,,,,,,,,,OS,,,,,,,,,,,,,,,,,grant,27/06/2016
252,Hydrobatestristrami,,,,,,,,,,,,,,,1,,,,,,,,,,,,,,,,,,,,,,,,,,,,,,,,,,,,OS,,56,,,,,,,,,,,,,,,grant,27/06/2016
253,Ibidorhynchastruthersii,,,,,,,,,,,,,,,,,,,,,,,,,,,,,,,,,,,,,,,,,,,,,,,,,,,,,,,,,,,,,,,,,,,,grant,27/06/2016
254,Actophilornisafricanus,,,,,,,,,,,,,,,,,,,,,,,,,,,,,,,,,,,,,,,,,,,,,,,,,,,,,,,,,,,,,,,,,,,,grant,27/06/2016
255,Actophilornisalbinucha,,,,,,,,,,,,,,,,,,,,,,,,,,,,,,,,,,,,,,,,,,,,,,,,,,,,,,,,,,,,,,,,,,,,grant,27/06/2016
256,Hydrophasianuschirurgus,,,,,,,,,,,,,,,,,,,,,,,,,,,,,,,,,,,,,,,,,,,,,,,,,,,,,,,,,,,,,,,,,,,,grant,27/06/2016
257,Irediparragallinacea,,,,,,,,,,,,,,,,,,,,,,,,,,,,,,,,,,,,,,,,,,,,,,,,,,,,,,,,,,,,,,,,,,,,grant,27/06/2016
258,Jacanajacana,,,,,,,,,,,,,,,,,,,,,,,,,,,,,,,,,,,,,,,,,,,,,,,,,,,,,,,,,,,,,,,,,,,,grant,27/06/2016
259,Jacanaspinosa,,,,,,,,,,,,,,,,,,,,,,,,,,,,,,,,,,,,,,,,,,,,,,,,,,,,,,,,,,,,,,,,,,,,grant,27/06/2016
260,Metopidiusindicus,,,,,,,,,,,,,,,,,,,,,,,,,,,,,,,,,,,,,,,,,,,,,,,,,,,,,,,,,,,,,,,,,,,,grant,27/06/2016
261,Microparracapensis,,,,,,,,,,,,,,,,,,,,,,,,,,,,,,,,,,,,,,,,,,,,,,,,,,,,,,,,,,,,,,,,,,,,grant,27/06/2016
262,Anousminutus,,0.098,0.144,,,0.098,0.144,,,,,,,,1,,,,,34,31,39,,,48,60,,,,,,,,,,,30,60,,,,,,,,,3,2,4,,NS+,,,66,72,,25,,,,75,,,,,,,grant,27/06/2016
263,Anousstolidus,0.167,,,,0.178,,,,,,,,,,1,,,,,34.5,33,36,,45,40,56,,,,,6,,,,,,30,100,,,,,,,,,3,3,7,,NS+,,,75,86,,27,,,,,,,,,,,grant,27/06/2016
264,Anoustenuirostris,,0.097,0.12,,,0.097,0.12,,,,,,,,1,,,,,35,,,ca,55,,,ca,,28 - 91,Feb-92,,,,,3-Jan,,,,,,,,,,,,,,,,,,,58,63,,,,,,,,,,,,,grant,27/06/2016
265,Chlidoniasalbostriatus,,,,,,,,,,,,,,,1,,,,,,21,23,,,,,,,,,,,,,,,,,,,,,,,,,,,,,,,,,,,,,,,,,,,,,,grant,27/06/2016
266,Chlidoniashybrida,,0.06,0.101,,,0.06,0.101,,,,,,,,3,1,4,,16.46,,18,20,,23,,,,,,,,,,,,,,,yes,,,,,,,,,,,,,,,64,70,,,,,,,,,,,,,grant,27/06/2016
267,Chlidoniasleucopterus,0.066,0.042,0.079,,0.066,0.042,0.079,,,,,,,,2.8,2,3,,,,18,22,,,20,25,,,,,,,,,,,,,,,,,,,,,2,,,,,,,58,67,,,,,,,,,,,,,grant,27/06/2016
268,Chlidoniasniger,0.063,,,,0.064,,,,,,,,,,2.6,1,4,,,20.5,19,23,,22,20,25,,,,,,,,,,40,,,,,,,,,,,2,2,3,,NS,,,57,65,,17,,,,,,,,,,,grant,27/06/2016
269,Creagrusfurcatus,,0.55,0.74,,,0.63,0.78,,,,,,,,1,,,,,32,29,38,,,58,84,,,,,46,,,,,30,,,+,,,,,,,83,5,2,6,,OS,,,,,,,,,,97,89,99,,,,,grant,27/06/2016
270,Gelochelidonmacrotarsa,,,,,,,,,,,,,,,,,,,,,,,,,,,,,,,,,,,,,,,,,,,,,,,,,,,,,,,,,,,,,,,,,,,,grant,27/06/2016
271,Gelochelidonnilotica,,0.15,0.29,,,0.15,0.29,,,,,,,,3,1,5,,,22.5,22,23,,31.5,28,35,,,,,,,,,,60,,,,,,,,,,,5,,,,NS,,,85,103,,15.8,,,,,,,,,,,grant,27/06/2016
272,Gygisalba,,0.08,0.16,,,0.08,0.16,,,,,,,,1,,,,,35.6,33,41,,48.6,31,67,,,,,,,,,,,35,60,,,,,,,,,,3,5,+,"NS,OS",,73,,,,37,,,,,,,,,,,grant,27/06/2016
273,Gygismicrorhyncha,,,,,,,,,,,,,,,1,,,,,35,,,ca,,,,,,,,,,,,,,,,,,,,,,,,,,,,,,,,,,,,,,,,,,,,,grant,27/06/2016
274,Hydrocoloeusminutus,,0.1,0.156,,,0.1,0.156,,,,,,,,2.7,1,3,,,,21,25,,,21,28,,,,,,,,,,14,,,+,,,,,,,,,2,3,,NS,,,,,,,,,,,,,,,,,grant,27/06/2016
275,Hydroprognecaspia,0.662,,,,0.649,,,,,,,,,,2,1,3,,,27,25,28,,40,35,45,,,60 - 100,81,,,,,,90,,,+,0.465 - 0.579,,,,,,,3,2,4,,NS,,,127,146,,30,,,,,87,91,,,,,grant,27/06/2016
276,Larosternainca,0.189,0.18,0.21,,0.189,0.18,0.21,,,,,,,,2,,,,,,,,,28,,,ca,,,,,,,,,28,,,+,,,,,,,,,,,,,,,,,,,,,,,,,,,,,grant,27/06/2016
277,Larusargentatus,1.044,,,,1.226,,,,,,,428,,,3,1,3,,,,30,32,,47.5,45,50,,,,,33,,,,,45,,,+,,,,,,,,,3,5,,NS,,,135,149,,32,,,,91,81,94,,,,,grant,27/06/2016
278,Larusarmenicus,,0.95,1.05,,,,,,,,,,,,3,,,,,,,,,,,,,,,,,,,,,,,,,,,,,,,,,,,,,,140,,,,,,,,,,,,,,,grant,27/06/2016
279,Larusatlanticus,,0.9,0.96,,,0.9,0.96,,,,,,,,,2,3,,,,,,,,,,,,,,,,,,,,,,yes,,,,,,,,,,,,,,,130,140,,,,,,,,,,,,,grant,27/06/2016
280,Larusatricilla,0.289,,,,0.327,,,,,,,,,,2.8,2,3,,,24.5,22,25,,42.5,35,50,,,,,,,,,,,14,30,,,,,,,,,,3,4,,NS,,,102,107,,19,,,,,,,,,,,grant,27/06/2016
281,Larusaudouinii,,0.58,0.77,,,0.58,0.77,,,,,,,,3,1,4,,,,26,33,,,35,40,,,,,,,,,,75,,,,,,,,,,,,,,,,,,,,,,,,,,,,,,,,grant,27/06/2016
282,Larusbelcheri,,,,,,,,,,,,,,,3,,,,,,,,,,,,,,,,,,,,,,,,,,,,,,,,,,,,,,120,,,,,,,,,,,,,,,grant,27/06/2016
283,Larusbrunnicephalus,,0.45,0.71,,,0.45,0.71,,,,,,,,3,1,4,,,24,,,ca,,,,,,,,,,,,,,,,,,,,,,,,,,,,,,,,,,,,,,,,,,,,,grant,27/06/2016
284,Larusbulleri,,0.19,0.27,,,0.19,0.27,,,,,,,,,,,,,,,,,,,,,,,,,,,,,,,,,,,,,,,,,,,,,,,,,,,,,,,,,,,,,grant,27/06/2016
285,Laruscachinnans,,0.8,1.5,,,0.8,1.5,,,,,,,,2.7,1,3,,,,26,29,,,42,49,,,,,,,,,,,,,,,,,,,,,,,,,,,,140,155,,,,,,,,,,,,,grant,27/06/2016
286,Laruscalifornicus,0.556,,,,0.657,,,,,,,,,,2,2,4,,,35,23,27,,48,42,60,,,,,,,,,,,,,yes,,,,,,,,,3,4,,NS,,,121,140,,25,,,,,79,92,,,,,grant,27/06/2016
287,Laruscanus,,0.29,0.55,,,0.29,0.55,,,,,,,,3,1,3,,,,24,26,,,30,35,,,,,,,,,,,,,brief,,,,,,,,2,,3,,,,,,,,24,,,,,,,,,,,grant,27/06/2016
288,Laruscirrocephalus,,0.25,0.33,,,0.25,0.33,,,,,,,,,2,3,,,,,,,,,,,,,,,,,,,,,,,,,,,,,,,,,,,,,100,105,,,,,,,,,,,,,grant,27/06/2016
289,Laruscrassirostris,,0.43,0.64,,,0.43,0.64,,,,,,,,,2,3,,,,24,25,,,35,40,,,,,,,,,,,,,,,,,,,,,,,,,,,,126,128,,,,,,,,,,,,,grant,27/06/2016
290,Larusdelawarensis,0.471,,,,0.566,,,,,,,,,,3,2,4,,,25.5,23,29,,,35,40,,,,,24,,,,,,,,no?,,,,,,,,3,3,4,,NS,,,121,127,,32,,,,,,,,,,,grant,27/06/2016
291,Larusdominicanus,0.83,,,,1.05,,,,,,,,,,2.4,,,,,28,,,,61,,,,,,,,,,,,,41,54,,,,,,44,,40,4,,,,NS,,,152,169,,,,,,81,,,,,,,grant,27/06/2016
292,Larusfuliginosus,,,,,,,,,,,,,,,2,,,,,33,,,,60,,,,,,,,,,,,28,,,,,,,,,,,,,,,,,,,,,,,,,,,,,,,,grant,27/06/2016
293,Larusfuscus,0.83,0.55,1.2,,0.83,0.55,1.2,,,,,,,,2.7,1,3,,,,24,28,,,30,40,,,,,,,,,,,,,yes,,,,,,,,,,,,,,,124,127,,26,,,,,90,91,,,,,grant,27/06/2016
294,Larusgenei,,0.22,0.35,,,0.22,0.35,,,,,,,,,2,3,,,22,,,,,28,37,,,71,,,,,,,,,,,,,,,,,,,2,3,,,,,102,110,,,,,,,,,,,,,grant,27/06/2016
295,Larusglaucescens,0.946,,,,1.18,,,,,,,,,,2,1,4,,,,25,28,,,40,53,,,,,,,,,,21,,,,,,,,,,,5.4,4,7,,NS,,,132,146,,24,,,,,83,87,,,,,grant,27/06/2016
296,Larusglaucoides,,0.56,0.86,,,0.56,0.86,,,,,,,,,2,3,,,,,,,,,,,,,,,,,,,,,,,,,,,,,,,,,,,,,125,130,,,,,,,,,,,,,grant,27/06/2016
297,Larushartlaubii,,0.23,0.34,,,0.23,0.34,,,,,,,,,1,3,,,25,,,ca,40,,,ca,,,,8,,,,,,,,,,,,,,,,3,,,,,,,89,92,,,,,,,,,,,,,grant,27/06/2016
298,Larusheermanni,,0.37,0.64,,,0.37,0.64,,,,,,,,,1,2,,,,,,,45,,,,,,,,,,,,,,,,,,,,,,,4,,,,,,,117,124,,,,,,,,,,,,,grant,27/06/2016
299,Larushemprichii,,0.4,0.51,,,0.4,0.51,,,,,,,,,1,3,,,25,,,,,,,,,,,,,,,,,,,,,,,,,,,,,,,,,,,,,,,,,,,,,,,,grant,27/06/2016
300,Larushyperboreus,,1.07,1.82,,,1.07,1.82,,,,,,,,,2,3,,,,26,30,,49,,,,,,,,,,,,26,,,+,,,,,,,,,,,,,,,142,152,,,,,,,,,,,,,grant,27/06/2016
301,Larusichthyaetus,,0.9,2,,,0.9,2,,,,,,,,2.9,1,3,,,25,,,,,,,,,,,,,,,,40,,,,,,,,,,,,4,5,,,,,155,170,,,,,,,,,,,,,grant,27/06/2016
302,Larusleucophthalmus,,0.27,0.41,,,0.27,0.41,,,,,,,,,2,3,,,,,,,,,,,,,,,,,,,,,,,,,,,,,,,,,,,,,110,115,,,,,,,,,,,,,grant,27/06/2016
303,Laruslivens,1.32,1.1,1.4,,1.32,1.1,1.4,,,,,,,,2.7,1,4,,,28,24,30,,37,30,45,,,,,,,,,,,30,90,,,,,,,,,,4,5,,NS,,,142,155,,,,,,,,,,,,,grant,27/06/2016
304,Larusmaculipennis,,0.29,0.36,,,0.29,0.36,,,,,,,,,,,,,,,,,,,,,,,,,,,,,,,,,,,,,,,,,,,,,,,,,,,,,,,,,,,,,grant,27/06/2016
305,Larusmarinus,1.488,,,,1.829,,,,,,,,,,2.8,2,3,,,,26,32,,,45,55,,,,,,,,,,,20,40,,,,,,,,,,4,5,,"NS,OS",,169,,,,27,,,,,,,,,,,grant,27/06/2016
306,Larusmelanocephalus,,0.21,0.39,,,0.21,0.39,,,,,,,,,2,3,,,,23,26,,,35,40,,,,,,,,,,,,,,,,,,,,,,,,,,,,98,105,,15,,,,,,,,,,,grant,27/06/2016
307,Larusmichahellis,,0.8,1.5,,,0.8,1.5,,,,,,,,2.7,1,3,,,,,,,,,,,,,,,,,,,,,,,,,,,,,,,,,,,,,,,,,,,,,,,,,,,grant,27/06/2016
308,Larusmodestus,,0.36,0.4,,,0.36,0.4,,,,,,,,,1,3,,,,29,31,,40,,,,,,,,,,,,,,,,,,,,,,,,,,,,,,,,,,,,,,,,,,,,grant,27/06/2016
309,Larusnovaehollandiae,,0.26,0.35,,,0.26,0.35,,,,,,,,,,,,,,,,,,,,,,,,,,,,,,,,,,,,,,,,,,,,NS,,,91,96,,,,,,,,,,,,,grant,27/06/2016
310,Larusoccidentalis,1.01,0.8,1.12,,1.01,0.8,1.2,,,,,,,,3,1,3,,,,30,32,,47.5,45,50,,,,,,,,,,,30,90,,,,,,,,,,4,6,,NS,,,132,144,,28,,,,,81,90,,,,,grant,27/06/2016
311,Laruspacificus,,0.9,1.18,,,0.9,1.18,,,,,,,,3,,,,,,23,26,,,,,,,,,,,,,,,,,,,,,,,,,,,,,,,,137,157,,,,,,,,,,,,,grant,27/06/2016
312,Larusphiladelphia,,0.17,0.23,,,0.17,0.23,,,,,,,,2,,,,,,22,25,,,,,,,,,,,,,,,,,,,,,,,,,,2,3,,,,,78,84,,,,,,,,,,,,,grant,27/06/2016
313,Laruspipixcan,,0.26,0.28,,,0.26,0.28,,,,,,,,3,2,4,,,24.5,23,26,,,35,40,,,,,,,,,,7,,,+,,,,,,,,,2,3,,NS,,,85,106,,10,,,,,,,,,,,grant,27/06/2016
314,Larusrelictus,,0.42,0.66,,,0.42,0.66,,,,,,,,2.6,2,3,,,,24,26,,,,,,,,,,,,,,,,,,,,,,,,,3,,,,,,,,,,,,,,,,,,,,,grant,27/06/2016
315,Larusridibundus,,0.19,0.32,,,0.19,0.32,,,,,,,,2.6,1,3,,,,22,26,,35,,,,,,,,,,,,,,,,,,,,,,,,2,3,,NS,,,94,110,,32,,,,89,,,,,,,grant,27/06/2016
316,Larusschistisagus,,1.05,1.69,,,1.05,1.69,,,,,,,,3,1,4,,,,28,30,,,40,45,,,,,,,,,,,,,,,,,,,,,,,,,,,,132,148,,,,,,,,,,,,,grant,27/06/2016
317,Larusscopulinus,0.259,,,,0.299,,,,,,,,,,1.9,,,,,24,,,,,35,42,,,,,,,,,,,,,,,,,,,,,3.7,,,,,,,,,,,,,,85.6,,,,,,,grant,27/06/2016
318,Larusscoresbii,0.52,,,,0.52,,,,,,,,,,2,2,3,,,,24,27,,,,,,,,,,,,,,,,,,,,,,,,,,,,,NS,,89,,,ca,,,,,,,,,,,,grant,27/06/2016
319,Larusserranus,0.48,,,,0.48,,,,,,,,,,,2,3,,,,,,,,,,,,,,,,,,,,,,,,,,,,,,,,,,,,,,,,,,,,,,,,,,,grant,27/06/2016
320,Larussmithsonianus,,,,,,,,,,,,,,,,,,,,,,,,,,,,,,,,,,,,,,,,,,,,,,,,,,,,,,,,,,,,,,,,,,,,grant,27/06/2016
321,Larusthayeri,,0.85,1.15,,,0.85,1.15,,,,,,,,,2,3,ca,,,,,,,,,,,,,,,,,,,,,,,,,,,,,,,,,,,,,,,,,,,,,,,,,,grant,27/06/2016
322,Onychoprionaleuticus,0.12,0.08,0.14,,0.12,0.08,0.14,,,,,,,,2,1,3,,,22.5,20,27,,28,25,31,,,,,,,,,,14,,,+,,,,,,,,3,,,+,NS+,,,75,80,,,,,,,,,,,,,grant,27/06/2016
323,Onychoprionanaethetus,0.131,0.093,0.167,,0.131,0.093,0.167,,,,,,,,1,,,,,29,26,33,,60,55,65,,,,,,,,,,,20,44,,,,,,,,,4,2,5,,"NS,OS",,,76,81,,18,,,,,78,83,,,,,grant,27/06/2016
324,Onychoprionfuscatus,0.18,0.14,0.24,,0.18,0.14,0.24,,,,,,,,1,,,,,29,26,33,,60,,,ca,,,,,,,,,17,,,+,,,,,,,,3,3,7,,OS,,84,82,94,,17,,,,,,,,,,,grant,27/06/2016
325,Onychoprionlunatus,,0.09,0.14,,,0.099,0.165,,,,,,,,1,,,,,30,29,32,,,38,49,,,,,,,,,,,,,yes,,,,,,,,,4,5,,NS+,,,73,76,,26,,,,,,,,,,,grant,27/06/2016
326,Pagophilaeburnea,,0.448,0.687,,,0.448,0.687,,,,,,,,1,1,2,,,,24,26,,,30,35,,,,,,,,,,,,,yes,,,,,,,,,2,3,,NS,,,108,120,,19,,,,86,,,,,,,grant,27/06/2016
327,Phaetusasimplex,,0.208,0.247,,,0.208,0.247,,,,,,,,2.3,2,3,,,,,,,,,,,,,,,,,,,,,,yes,,,,,,,,,,,,,,,,,,,,,,,,,,,,,grant,27/06/2016
328,Procelsternaalbivitta,,,,,,,,,,,,,,,1,,,,,,,,,,32,45,,,,,,,,,,,,,,,,,,,,,,,,,,,,46,60,,,,,,,,,,,,,grant,27/06/2016
329,Procelsternacerulea,0.045,0.041,0.069,,0.045,0.041,0.069,,,,,,,,1,,,,,,,,,,,,,,,,,,,,,,,,,,,,,,,,1,,,?,,,,46,60,,,,,,,,,,,,,grant,27/06/2016
330,Rhodostethiarosea,,0.12,0.25,,,0.12,0.25,,,,,,,,3,1,3,,,,19,21,,21,,,,,,,,,,,,,,,,,,,,,,,,,,,,,,82,92,,,,,,,,,,,,,grant,27/06/2016
331,Rissabrevirostris,,0.32,0.38,,,0.38,0.42,,,,,,,881.7,1,1,2,,,,25,32,ca,,37,45,ca,,,,,,,,,,,,yes,,,,,,,,,,,,OS,,90,,,,19,,,,,,,,,,,grant,27/06/2016
332,Rissatridactyla,0.4,0.3,0.5,,0.4,0.3,0.5,,,,,237,,,2,1,3,,,26.2,25,28,,41.5,34,58,,,81,,20,,,,,,,,yes,,,,,,,20,,3,5,,NS,,104,,,,18,,,,,86,93,,,,,grant,27/06/2016
333,Rynchopsalbicollis,,,,,,,,,,,,,,,3,2,4,,,21,,,ca,,,,,,,,,,,,,,,,,,,,,,,,,,,,NS,,,102,114,,,,,,,,,,,,,grant,27/06/2016
334,Rynchopsflavirostris,,0.111,0.204,,,0.111,0.204,,,,,,,,2.6,2,3,,,21,,,ca,28,,,ca,,,,,,,,,,,,,,,,,,,,,,,,NS,,106,,,ca,,,,,,,,,,,,grant,27/06/2016
335,Rynchopsniger,0.25,0.23,0.29,,0.35,0.3,0.37,,,,,,,,4,1,6,,,22.9,21,26,,29,28,30,,,39 - 67,,,,,,,14,,,+,,,,,,,,3,,,,NS,,,107,127,,20,,,,,,,,,,,grant,27/06/2016
336,Saundersilarussaundersi,,,,,,,,,,,,,,,3,,,,,,,,,,,,,,,,,,,,,,,,,,,,,,,,,,,,,,,,,,,,,,,,,,,,,grant,27/06/2016
337,Sternaacuticauda,,,,,,,,,,,,,,,3,2,3,,,,,,,,,,,,,,,,,,,,,,,,,,,,,,,,,,,,,,,,,,,,,,,,,,,grant,27/06/2016
338,Sternaaurantia,,,,,,,,,,,,,,,3,3,4,,,,,,,,,,,,,,,,,,,21,,,,,,,,,,,2,,,,NS,,,80,85,,,,,,,,,,,,,grant,27/06/2016
339,Sternadougallii,0.11,0.088,0.139,,0.11,0.088,0.139,,,,,,,,2,1,4,,,23.3,21,24,,26,22,30,,,,,7,,,,,,7,14,,,,,,44,,,3,2,4,,NS,,,72,80,,25,,,,,74,91,,,,,grant,27/06/2016
340,Sternaforsteri,,0.13,0.19,,,0.13,0.19,,,,,,,,2.8,2,3,,,,23,26,,,,,,,,,,,,,,,,,,,,,,,,,,,,,,,,73,82,,,,,,,,,,,,,grant,27/06/2016
341,Sternahirundinacea,,0.17,0.19,,,0.17,0.19,,,,,,,,,2,3,,,,21,23,,27,,,,,,,,,,,.6-1.6,,,,,,,,,,,,,,,,NS-OS,,,84,86,,,,,,,,,,,,,grant,27/06/2016
342,Sternahirundo,0.13,0.097,0.146,,0.13,0.097,0.146,,,,,,,,2.4,1,4,,,24,22,28,,26,,,,,87,83,8,,,,,21,,,+,,,,,,,45,3.2,2,4,,NS,,,72,83,,25,,,,,81,89,,,,,grant,27/06/2016
343,Sternaparadisaea,0.11,0.08,0.127,,0.11,0.08,0.127,,,,,,,,1.8,1,2,,,23,22,27,,,20,24,,,86,90,7,,,,,7,,,+,,,,,,,,3,,,+,NS,,,76,85,,34,,,,90,,,,,,,grant,27/06/2016
344,Sternarepressa,,0.113,0.142,,,0.113,0.142,,,,,,,,,2,3,,,,,,,,,,,,,,,,,,,,,,yes,,,,,,,,,,,,,,,78,83,,,,,,,,,,,,,grant,27/06/2016
345,Sternastriata,,,,,,,,,,,,,,,,1,2,,,,,,,,29,35,,,,,,,,,,,90,180,,,,,,,,,2,,,,,,,,,,20,,,,,,,,,,,grant,27/06/2016
346,Sternasumatrana,,0.098,0.11,,,0.098,0.11,,,,,,,,1.8,1,3,,,,21,23,,24,,,,,,,,,,,,,,,,,,,,,,,,,,,NS,,,,,,,,,,,,,,,,,grant,27/06/2016
347,Sternatrudeaui,,0.15,0.16,,,0.15,0.16,,,,,,,,3,2,4,,,,,,,,,,,,,,,,,,,,,,,,,,,,,,,,,,,,,76,70,,,,,,,,,,,,,grant,27/06/2016
348,Sternavirgata,0.13,,,,0.13,,,,,,,,,,1,1,2,,,24,,,,35,31,39,,,,,,,,,,20,,,up to 20,,,,,,,,,,,,,,71,,,ca,,,,,,,,,,,,grant,27/06/2016
349,Sternavittata,0.15,,,,0.15,,,,,,,,,,1,1,2,,,,23,25,,,27,32,,,,,,,,,,,,,,,,,,,,,,,,,,,,74,79,,,,,,,,,,,,,grant,27/06/2016
350,Sternulaalbifrons,,0.05,0.06,,,0.05,0.06,,,,,,,,,1,4,,,,21,24,,,20,24,,,,,,,,,,,,,,,,,,,,,2,,3,,,,,47,55,,21,,,,77,,,,,,,grant,27/06/2016
351,Sternulaantillarum,,0.036,0.057,,,0.036,0.057,,,,,,,,2,2,3,,,22,19,25,,20,17,21,,,,,,,,,,,26,56,,,,,,,,,2,,3,,NS,,51,,,,24,,,,,80,93,,,,,grant,27/06/2016
352,Sternulabalaenarum,0.046,,,,0.046,,,,,,,,,,1,,,,,,18,22,,20,,,,,,,,,,,,75,,,,,,,,,,,,,,,,,51,,,,,,,,,,,,,,,grant,27/06/2016
353,Sternulalorata,,,,,,,,,,,,,,,,1,2,,,,22,29,,27,,,,,,,,,,,,,,,,,,,,,,,,,,,,,,,,,,,,,,,,,,,,grant,27/06/2016
354,Sternulanereis,0.057,,,,0.057,,,,,,,,,,1.7,1,2,,,,20,25,,,,,,,,,,,,,,,,,,,,,,,,,,,,,,,,45,51,,,,,,,,,,,,,grant,27/06/2016
355,Sternulasaundersi,,0.04,0.05,,,0.04,0.05,,,,,,,,2,,,,,,,,,,,,,,,,,,,,,,,,,,,,,,,,,,,,,,,50,55,,,,,,,,,,,,,grant,27/06/2016
356,Sternulasuperciliaris,,0.04,0.057,,,0.04,0.057,,,,,,,,1.9,1,3,,,,,,,,,,,,,,,,,,,,,,,,,,,,,,,,,,,,,,,,,,,,,,,,,,,grant,27/06/2016
357,Thalasseusbengalensis,,0.18,0.24,,,0.18,0.24,,,,,,,,1,,,,,,21,26,,,30,35,,,,,,,,,,90,,,+,,,,,,,,,,,,,,,88,105,,,,,,,,,,,,,grant,27/06/2016
358,Thalasseusbergii,,0.32,0.4,,,0.32,0.4,,,,,,,,,1,2,,,,25,30,,,35,41,,,,,,,,,,80,,,+,,,,,,,,,,,,NS,,,100,130,,,,,,,,,,,,,grant,27/06/2016
359,Thalasseusbernsteini,,,,,,,,,,,,,,,,,,,,,,,,,,,,,,,,,,,,,,,,,,,,,,,,,,,,,,,,,,,,,,,,,,,,grant,27/06/2016
360,Thalasseuselegans,0.26,0.2,0.33,,0.26,0.2,0.33,,,,,,,,1,,,,,26,23,33,,35,,,,,,,,,,,,120,,,,,,,,,,,3,,,,"NS,OS",,,76,81,,,,,,,,,,,,,grant,27/06/2016
361,Thalasseusmaximus,,0.32,0.5,,,0.32,0.5,,,,,,,,1,,,,,,25,31,,30,,,,,,,,,,,,200,,,+,,,,,86,,,,3,4,,NS,,,100,135,,24,,,,95,,,,,,,grant,27/06/2016
362,Thalasseussandvicensisacuflavida,,0.14,0.3,,,0.14,0.3,,,,,,,,1,1,2,,,24,23,29,,28,27,29,,,,,9.8,,,,,,30,120,,,,,,,,,4,3,4,,NS,,,86,105,,23.5,,,,75,,,,,,,grant,27/06/2016
363,Thalasseussandvicensiseurygnatha,,0.176,0.3,,,0.176,0.3,,,,,,,,,,,,,29,,,,28,,,,,,,,,,,,7,,,+,,,,,,,,,,,,NS,,,,,,24,,,,,,,,,,,grant,27/06/2016
364,Xemasabini,,0.13,0.22,,,0.13,0.22,,,,,,,,2,1,3,,,,2,25,,,25,30,,,83,68,,,,,,,,,yes,,,,,,,,,2,3,,NS,,,81,87,,,,,,,,,,,,,grant,27/06/2016
365,Fregettagrallaria,,0.04,0.06,,,0.04,0.06,,,,,,,,1,,,,12,40,,,,68,,,,,,,,,,,,,,,,,,,,,,,,,,,OS,,45,,,,,,,,,,,,,,,grant,27/06/2016
366,Fregettamaoriana,,,,,,,,,,,,,,,,,,,,,,,,,,,,,,,,,,,,,,,,,,,,,,,,,,,,,,,,,,,,,,,,,,,,grant,27/06/2016
367,Fregettatropica,,0.05,0.06,,,0.05,0.06,,,,,,,,1,,,,15,,35,44,,,55,71,,,,,,,,,,0,,,,,,,,,,,,,,,OS,,46,,,,,,,,,,,,,,,grant,27/06/2016
368,Garrodianereis,,0.03,0.04,,,0.03,0.04,,,,,,,,1,,,,11,,40,45,,75,,,,,,,,,,,,,,,,,,,,,,,,,,,OS,,39,,,,,,,,,,,,,,,grant,27/06/2016
369,Nesofregettafuliginosa,,0.055,0.115,,,0.055,0.115,,,,,,,,1,,,,,,,,,,,,,,,,,,,,,,,,,,,,,,,,,,,,OS,,,,,,,,,,,,,,,,,grant,27/06/2016
370,Oceanitesgracilis,,0.014,,,0.014,,,,11.31 (0.54),30.55 (1.01),52.88 (3.04),,,,1,,,,,,,,,,,,,,,,,,,,,,,,,,,,,,,,,,,,,,,,,,,,,,,,,,,,,grant,27/06/2016
371,Oceanitesgracilisgalapagoensis,,0.017,,,0.017,,,,,,,,,,,,,,,,,,,,,,,,,,,,,,,,,,,,,,,,,,,,,,,,,,,,,,,,,,,,,,,grant,27/06/2016
372,Oceanitesoceanicus,,0.03,0.04,,,0.03,0.04,,,,,,,,1,,,,10,,33,53,,,51,97,,,,,2.8,,,,,0,,,,0.062,,,,,,,4,4,5,,OS,,39,,,,,,,,91,,,,,,,grant,27/06/2016
373,Oceanitesoceanicuschilensis,,0.03,,,,0.03,,,11.48 (0.58),34.2 (1.4),60.2 (3.3),,,,,,,,,,,,,,,,,,,,,,,,,,,,,,,,,,,,,,,,,,,,,,,,,,,,,,,,,grant,27/06/2016
374,Oceanitesoceanicusexasperatus,,0.038,,,,0.038,,,12.6 (0.7),34.2 (1.1),69.6 (2.3),,,,,,,,,,,,,,,,,,,,,,,,,,,,,,,,,,,,,,,,,,,,,,,,,,,,,,,,,grant,27/06/2016
375,Oceanitesoceanicusoceanicus,,0.032,,,,0.032,,,12.1 (0.4),34.8 (1.1),,,,,,,,,,,,,,,,,,,,,,,,,,,,,,,,,,,,,,,,,,,,,,,,,,,,,,,,,,grant,27/06/2016
376,Oceanitespincoyae,,0.027,,,,0.027,,,136.5  (2.6),31.7 (1.4),57.6 (3.1),,,,,,,,,,,,,,,,,,,,,,,,,,,,,,,,,,,,,,,,,,,,,,,,,,,,,,,,,grant,27/06/2016
377,Pelagodromamarina,,0.04,0.07,,,0.04,0.07,,,,,,,,1,,,,12,,45,49,,,52,80,,,,,2.2,,,,,0,,,,0.065,,,,,,,,,,,OS,,43,,,,,,,,,,,,,,,grant,27/06/2016
378,Pedionomustorquatus,,,,,,,,,,,,,,,,,,,,,,,,,,,,,,,,,,,,,,,,,,,,,,,,,,,,,,,,,,,,,,,,,,,,grant,27/06/2016
379,Pelecanusconspicillatus,,,4,6.8,,,4,6.8,,,,,,,2,1,4,,,,32,35,,90,,,,,,,,,,,,,,,,,,,,,,,,4,6,,"NS,OS",,,230,260,,,,,,,,,,,,,grant,27/06/2016
380,Pelecanuscrispus,,,7.25,10,,,9.5,12,,,,,,,,1,3,,,,31,34,,85,,,,,,,,,,,,,15,20,,,,,,,,,,,,,NS,,,,,,,,,,,,,,,,,grant,27/06/2016
381,Pelecanuserythrorhynchos,,,4,5.9,,,5,7.1,,,,,,,2,1,4,,,30,,,?,60,,,,,,,,,,,,20,,,+,,,,,,,,3,,,,,,,,,,26,,,,,,,,,,,grant,27/06/2016
382,Pelecanusoccidentalis,Pedionomustorquatus,3.2,,,,3.7,,,,,,,,,2.6,2,3,,,30,,,,79.5,71,88,,,,,115,,,,,,30,84,,,,,,,,,3,2,4,,"NS,OS",,210,,,,28,,,,80,,,ca,,,,grant,27/06/2016
383,Pelecanusonocrotalus,,,6,9,,,9,15,,,,,,,,2,4,,,,29,31,,,65,70,,,,,,,,,,,,,,,,,,,,,,,,,"NS,NS+",,,,,,,,,,,,,,,,,grant,27/06/2016
384,Pelecanusphilippensis,,4.65,,,,,5.1,5.7,,,,,,,3,,,,,,29,31,,120,,,?,,,,,,,,,,,,,,,,,,,,,,,,,,,,,,,,,,,,,,,,,grant,27/06/2016
385,Pelecanusrufescens,,,3.9,6.2,,,4.5,7,,,,,,,,1,3,,,,30,35,,,70,75,,,,,,,,,,,10,21,,,,,,,,,,,,,,,,,,,,,,,,,,,,,,grant,27/06/2016
386,Pelecanusthagus,,,,,,,,,,,,,,,,,,,,,,,,,,,,,,,,,,,,,,,,,,,,,,,,,,,,,,,,,,,,,,,,,,,,grant,27/06/2016
387,Phaethonaethereus,,0.7,,,,0.7,,,,,,,,,1,,,,,,42,44,,,80,90,,,,,,,,,,0,,,,,,,,,,71,,4,5,,OS,,,99,106,,,,,,82,,,,,,,grant,27/06/2016
388,Phaethonlepturus,,0.32,,,,,0.22,0.36,,,,,,,1,,,,,42,40,43,,,70,85,,21 - 37,,,,,,,,0,,,,,,,,,,,4,,,ca,OS,,,90,95,,,,,,,,,,,,,grant,27/06/2016
389,Phaethonrubricauda,,,0.5,0.85,,,0.5,0.85,,,,,,,1,,,,,,29,31,,,65,70,,,,,15,,,,,,,,,,,,,,,80,,2,5,,OS,,113,,,,29,,,,90,,,,,,,grant,27/06/2016
390,Microcarboafricanus,,0.43,0.6,,,0.5,0.88,,,,,,,,2.3,,4,,,,23,25,,35,,,,,,,,,,,,,,,,,,,,,,,,,,,NS+,,,80,90,,,,,,,,,,,,,grant,27/06/2016
391,Microcarbocoronatus,,0.67,0.78,,,0.48,0.88,,,,,,,,,1,5,,,23,,,,,30,35,,,,,,,,,,,,,,,,,,,,,,,,,NS,,,,,,,,,,,,,,,,,grant,27/06/2016
392,Microcarbomelanoleucos,,0.4,0.9,,,0.7,0.9,,,,,,,,,3,5,,,,,,,,,,,,,,,,,,,,,,,,,,,,,,,,,,ns,,,85,91,,,,,,,,,,,,,grant,27/06/2016
393,Microcarboniger,,0.36,0.53,,,0.36,0.53,,,,,,,,,3,5,,,,,,,,,,,,,,,,,,,,,,,,,,,,,,,,,,NS,,,,,,,,,,,,,,,,,grant,27/06/2016
394,Microcarbopygmaeus,,0.56,0.64,,,0.65,0.87,,,,,,,,,4,6,,,,27,30,,70,,,,,,,,,,,,,,,,,,,,,,,,,,,NS,,,80,90,,,,,,,,,,,,,grant,27/06/2016
395,Phalacrocoraxbransfieldensis,,2.5,3,,,2.5,3,,,,,,,,2.5,2,3,,,,,,,,,,,,,,,,,,,,,,yes,,,,,,,,4,,,+,NS,,,,,,,,,,,,,,,,,grant,27/06/2016
396,Phalacrocoraxgeorgianus,2.47,,,,2.88,,,,,,,,,,2.3,,3,,,,28,31,,65,,,,,,,,,,,,,,,,,,,,,,,3,,,+,NS,,,,,,,,,,,85,91,,,,,grant,27/06/2016
397,Phalacrocoraxaristotelis,1.6,,,,1.94,,,,,,,,,,3,1,6,,,34,33,36,,53,48,58,,,,,52,,,,,62,,,,,,,,,,,,2,3,,"NS,OS",,,,,,,,,,,80,88,,,,,grant,27/06/2016
398,Phalacrocoraxatriceps,,1.5,2.4,,,1.7,3.5,,,,,,,,2.7,1,3,,,28.8,,,,77.5,75,80,,,,,,,,,,,,,,,,,,,,,,2,4,,NS,,,110,125,,,,,,,,,,,,,grant,27/06/2016
399,Phalacrocoraxauritus,,1.8,2.6,,,2,3,,,,,,,,4,1,7,,,,25,28,,,42,56,,,,,,,,,,28,,,,,,,,,,,2.7,1,4,,NS,,,,,,18,,,,,,,,,,,grant,27/06/2016
400,Phalacrocoraxbougainvilliorum,,,,,,,,,,,,,,,3,2,3,,,,,,,,,,,,,,,,,,,,,,,,,,,,,,,,,,"NS,OS",,,,,,,,,,,,,,,,,grant,27/06/2016
401,Phalacrocoraxbrasilianus,1.07,,,,1.26,,,,,,,,,,3,2,6,,,24.6,23,26,,63,,,,,,,,,,,,,,,yes,,,,,,,,1,1,3,,NS,,,,,,13,,,,,,,,,,,grant,27/06/2016
402,Phalacrocoraxcampbelli,2,,,,,1.6,1.9,,,,,,,,,,,,,,,,,,,,,,,,,,,,,,,,,,,,,,,,,,,,"NS,OS",,105,,,,,,,,,,,,,,,grant,27/06/2016
403,Phalacrocoraxcapensis,,1.16,1.31,,,1.16,1.31,,,,,,,,2.4,2,3,,,,22,28,,49,,,,,,,,,,,,,,,,,,,,,,,3,,,,NS,,109,,,,,,,,,,,,,,,grant,27/06/2016
404,Phalacrocoraxcapillatus,3.1,,,,3.1,,,,,,,,,,3,,,,,34,,,,40,,,,,,,,,,,,,,,,,,,,,,,,,,,NS,,,,,,,,,,,,,,,,,grant,27/06/2016
405,Phalacrocoraxcarbo,,2,2.5,,,2,2.5,,,,,,,,,3,6,,,30,28,31,,53,49,56,,,,,,,,,,50,,,,,,,,,,,3,2,3,,"NS,OS",,,130,150,,,,,,88,,,,,,,grant,27/06/2016
406,Phalacrocoraxcarunculatus,2.5,,,,2.5,,,,,,,,,,,1,3,,,,,,,,,,,,,,,,,,,,,,,,,,,,,,,,,,NS,,,,,,,,,,,,,,,,,grant,27/06/2016
407,Phalacrocoraxchalconotus,,1.79,3.88,,,1.79,3.88,,,,,,,,,2,3,,,,,,,,,,,,,,,,,,,,,,,,,,,,,,,,,,NS,,,,,,,,,,,,,,,,,grant,27/06/2016
408,Phalacrocoraxcolensoi,,,,,,,,,,,,,,,3,,,,,,26,32,,,,,,,,,,,,,,,,,,,,,,,,,,,,,"NS,OS",,105,,,,,,,,,,,,,,,grant,27/06/2016
409,Phalacrocoraxfeatherstoni,,0.645,1.33,,,0.645,1.33,,,,,,,,3,,,?,,,,,,,,,,,,,,,,,,,,,,,,,,,,,,,,,"NS,OS",,,,,,,,,,,,,,,,,grant,27/06/2016
410,Phalacrocoraxfuscescens,,,,,,,,,,,,,,,,2,3,,,,,,,,,,,,,,,,,,,,,,,,,,,,,,,,,,NS,,,93,102,,,,,,,,,,,,,grant,27/06/2016
411,Phalacrocoraxfuscicollis,,0.6,0.79,,,0.6,0.79,,,,,,,,,3,6,,,,,,,,,,,,,,,,,,,,,,,,,,,,,,,,,,,,,,,,,,,,,,,,,,,grant,27/06/2016
412,Phalacrocoraxgaimardi,1.3,,,,1.3,,,,,,,,,,3,3,4,,,,,,,,,,,,,,,,,,,,,,,,,,,,,,,,,,,,91,,,,,,,,,,,,,,,grant,27/06/2016
413,Phalacrocoraxharrisi,,2.5,2.9,,,3.8,4.1,,,,,,,,,2,4,,,35,,,,60,,,,,,,,,,,,,30,90,,,,,,,,,,,,,NS,,,,,,,,,,87.6,,,,,,,grant,27/06/2016
414,Phalacrocoraxmagellanicus,,,,,,,,,,,,,,,3,2,4,,,,,,,,,,,,,,,,,,,,,,,,,,,,,,,,,,NS,,92,,,,,,,,,,,,,,,grant,27/06/2016
415,Phalacrocoraxneglectus,1.8,,,,1.8,,,,,,,,,,2,1,3,,,,29,30,,,,,,,,,,,,,,,,,,,,,,,,,,,,,NS,,132,,,,,,,,,,,,,,,grant,27/06/2016
416,Phalacrocoraxnigrogularis,,,,,,,,,,,,,,,,2,4,,,,,,,,,,,,,,,,,,,,,,,,,,,,,,,,,,NS,,,102,110,,,,,,,,,,,,,grant,27/06/2016
417,Phalacrocoraxonslowi,1.79,,,,2.4,,,,,,,,,,3,,,,,,,,,,,,,,,,,,,,,,,,,,,,,,,,,,,,NS,,,,,,,,,,,,,,,,,grant,27/06/2016
418,Phalacrocoraxpelagicus,,1.53,1.7,,,1.75,2.03,,,,,,,,3,1,6,,,30,29,31,,45,40,50,,,,,,,,,,,,,weeks,,,,,,,,2,,,,"NS,OS",,95,,,,18,,,,,,,,,,,grant,27/06/2016
419,Phalacrocoraxpenicillatus,,1.4,2.3,,,2.4,2.7,,,,,,,,2.6,2,5,,,29.2,28,32,,,,,,,,,,,,,,,,,yes,,,,,,,,3,2,9,,NS+,,108,,,,18,,,,74,,,,,,,grant,27/06/2016
420,Phalacrocoraxperspicillatus,,,,,,,,,,,,,,,,,,,,,,,,,,,,,,,,,,,,,,,,,,,,,,,,,,,,,,,,,,,,,,,,,,,,grant,27/06/2016
421,Phalacrocoraxpunctatus,,0.7,1.6,,,0.9,1.7,,,,,,,,2.7,2,4,,,32,28,35,,62,57,71,,,,,,,,,,,,,,,,,,,,,2,,,,"NS,OS",,,91,99,,,,,,,,,,,,,grant,27/06/2016
422,Phalacrocoraxranfurlyi,,2.3,2.9,,,2.3,2.9,,,,,,,,,2,3,,,,,,,,,,,,,,,,,,,,,,,,,,,,,,,,,,"NS,OS",,,,,,,,,,,,,,,,,grant,27/06/2016
423,Phalacrocoraxsulcirostris,,0.5,1.2,,,0.5,1.2,,,,,,,,,4,6,,,,,,,,,,,,,,,,,,,,,,,,,,,,,,,,,,,,,95,105,,,,,,,,,,,,,grant,27/06/2016
424,Phalacrocoraxurile,,1.55,2.05,,,1.9,2.27,,,,,,,,,2,4,,,33,32,34,,59,54,64,,,,,,,,,,,,,,,,,,,,,3,,,,"NS,OS",,122,,,,,,,,,,,,,,,grant,27/06/2016
425,Phalacrocoraxvarius,,1.1,1.9,,,1.5,2.9,,,,,,,,,2,4,,,,25,33,,,47,60,,,,,,,,,,,,,,,,,,,,,,,,,OS,,,110,130,,,,,,,,,,,,,grant,27/06/2016
426,Phalacrocoraxverrucosus,,1.7,2,,,1.7,2,,,,,,,,,2,4,,,,,,,,,,,,,,,,,,,,,,,,,,,,,,,,,,,,110,,,,,,,,,,,,,,,grant,27/06/2016
427,Pluvianellussocialis,,,,,,,,,,,,,,,,,,,,,,,,,,,,,,,,,,,,,,,,,,,,,,,,,,,,,,,,,,,,,,,,,,,,grant,27/06/2016
428,Pluvianusaegyptius,,,,,,,,,,,,,,,,,,,,,,,,,,,,,,,,,,,,,,,,,,,,,,,,,,,,,,,,,,,,,,,,,,,,grant,27/06/2016
429,Aphrodromabrevirostris,,0.29,0.36,,,0.29,0.36,,,,,,,,1,,,,56,46.51,46,49,,,59,62,,,,,,,,,,0,,,,0.36,,,,,,,,,,,OS,,,80,88,,,,,,,,,,,,,grant,27/06/2016
430,Ardennabulleri,0.41,,,,0.41,,,,,,,,,,1,,,,,51,,,,100,,,,,,,,,,,,,,,,,,,,,,,,,,,OS,,,97,99,,,,,,,,,,,,,grant,27/06/2016
431,Ardennacarneipes,,0.58,0.75,,,0.58,0.75,,,,,,,,1,,,,,60,,,,92,,,,,,,,,,,,,,,,,,,,,,,,6.2,6.4,,"NS,OS",,,99,107,,,,,,,93,94,,,,,grant,27/06/2016
432,Ardennacreatopus,,,,,,,,,,,,,,,1,,,,,,,,,,,,,,,,,,,,,,,,,,,,,,,,,,,,,,109,,,,,,,,,,,,,,,grant,27/06/2016
433,Ardennagravis,,0.72,0.95,,,0.72,0.95,,,,,,,,1,,,,,,53,57,,105,,,,,,,,,,,,,,,,,,,,,,,,,,,,,,100,118,,,,,,,,,,,,,grant,27/06/2016
434,Ardennagrisea,,0.63,0.95,,,0.63,0.95,,,,,,,,1,,,,93,52.7,,,,97,,,,63,76,83,17,,,,,0,,,,0.75,,,,,,,,5,7,,OS,,103,,,,,,,,,93,94,,,,,grant,27/06/2016
435,Ardennapacifica,,0.3,0.57,,,0.3,0.57,,,,,,,,1,,,,,,48,56,,,98,115,,43,,43,10,,,,,0,,,,,,,,,,,,,,,OS,,,97,105,,26,,,,,,,,,,,grant,27/06/2016
436,Ardennatenuirostris,,0.47,0.64,,,0.51,0.73,,,,,,,,1,,,,85,,52,55,,94,,,,48,,48,13,,,,,0,,,,,,,,,,,6,5,7,,OS,,93,,,,,,,,,90,94,,,,,grant,27/06/2016
437,Bulweriabifax,,,,,,,,,,,,,,,,,,,,,,,,,,,,,,,,,,,,,,,,,,,,,,,,,,,,,,,,,,,,,,,,,,,,grant,27/06/2016
438,Bulweriabulwerii,0.99,,,,0.99,,,,,,,,,,1,,,,,44.2,38,46,,62,57,67,,,,,,,,,,0,,,,,,,,,,,,4,6,,OS,,,65,73,,,,,,94.7,,,,,,,grant,27/06/2016
439,Bulweriafallax,,,,,,,,,,,,,,,1,,,,,,,,,,,,,,,,,,,,,,,,,,,,,,,,,,,,,,,76,83,,,,,,,,,,,,,grant,27/06/2016
440,Calonectrisborealis,,0.81,0.82,,,0.88,0.96,,,,,,,,1,,,,,54,,,,97,,,,,51,87,14,,,,,0,,,,0.874,,51-56,7.26,,,,9,,,,OS,,,75,76,,,,,,95.6,,,,,,,grant,27/06/2016
441,Calonectrisdiomedea,0.6,,,,0.71,,,,,,,,,,1,,,,,51,,,,91,,,,,,,,,,,,,,,,,,,,,,,7.7,,,,,,,,,,,,,,93,,,,,,,grant,27/06/2016
442,Calonectrisedwardsii,,,,,,,,,,,,,,,1,,,,,,,,,90,,,ca,,,,,,,,,,,,,,,,,,,,,,,,,,,,,,,,,,,,,,,,,grant,27/06/2016
443,Calonectrisleucomelas,,0.44,0.55,,,0.44,0.55,,,,,,,,1,,,,,64,,,,,66,80,,,,,,,,,,,,,,,,,,,,,,,,,,,122,,,,,,,,,,,,,,,grant,27/06/2016
444,Daptioncapense,,0.36,0.51,,,0.38,0.55,,,,,,,,1,,,,63,,44,47,,,47,68,,,,,16,,,,,0,,,,0.48,,,,,,,6,4,6,,OS,,87,,,,25,,,,94,,,,,,,grant,27/06/2016
445,Fulmarusglacialis,0.58,,,,0.65,,,,,,,330,,,1,,,,101,48.4,,,,53,46,58,,,,,31,,,,,0,,,,0.907,,,,,,,5,5,12,,OS,,,102,112,,31,,,c,,94,97,,,,,grant,27/06/2016
446,Fulmarusglacialoides,,0.7,1,,,0.7,1,,,,,,,,1,,,,103,,43,50,,,48,56,,,,,32,,,,,,,,,1.2,,,,,,,,9,11,,OS,,106,,,,,,,,,90,95,,,,,grant,27/06/2016
447,Halobaenacaerulea,,0.13,0.23,,,0.13,0.23,,,,,,,,1,,,,36,,45,49,,,48,60,,,,,7.2,,,,,,,,,0.29,,,,,,,,,,,NS,,,62,71,,,,,,,,,,,,,grant,27/06/2016
448,Macronectesgiganteus,3.94,,,,5.19,,,,,,,,,,1,,,,268,,59,66,,,112,123,,,,,79,,,,,0,,,,6,,,,,,,,4,10,,OS,,,150,210,,,,,,,90,96,,,,,grant,27/06/2016
449,Macronecteshalli,3.8,,,,5,,,,,,,,,,1,,,,268,,57,62,,,106,120,,,,,66,,,,,,,,,5.86,,,,,,,,4,11,,NS,,199,,,,,,,,90,,,,,,,grant,27/06/2016
450,Pachyptilabelcheri,,0.12,0.18,,,0.12,0.18,,,,,,,,1,,,,31,,43,47,,,43,69,,,,,6.5,,,,,,,,,0.235,,,,,,,6.7,,,,NS+,,,56,59,,,,,,,,,,,,,grant,27/06/2016
451,Pachyptilacrassirostris,,0.1,0.19,,,0.1,0.19,,,,,,,,1,,,,,,,,,,,,,,,,,,,,,,,,,,,,,,,,,,,,NS,,60,,,,,,,,,,,,,,,grant,27/06/2016
452,Pachyptiladesolata,,0.1,0.19,,,0.1,0.19,,,,,,,,1,,,,33,,44,46,,51,,,,,,,6.9,,,,,,,,,0.215,,,,,,,5,3,6,,OS,,63,,,,,,,,,,,,,,,grant,27/06/2016
453,Pachyptilasalvini,,0.12,0.21,,,0.12,0.21,,,,,,,,1,,,,32,,44,55,,,52,63,,,,,6.9,,,,,,,,,0.19,,,,,,,,,,,,,59,,,,,,,,,,,,,,,grant,27/06/2016
454,Pachyptilaturtur,,0.11,0.16,,,0.12,0.18,,,,,,,,1,,,,24,,44,54,,50,,,,,,,6.6,,,,,,,,,0.15,,,,,,,,4,5,,NS,,56,,,,,,,,84,,,,,,,grant,27/06/2016
455,Pachyptilavittata,,0.17,0.24,,,0.17,0.24,,,,,,,,1,,,,33,56,,,,,50,53,,,,,,,,,,,,,,,,,,,,,,,,,OS,,61,,,,,,,,,,,,,,,grant,27/06/2016
456,Pagodromanivea,,0.24,0.46,,,0.24,0.46,,,,,,,,1,,,,56,,41,49,,,41,55,,,,,17,,,,,0,,,,0.5,,,,,,,,3,7,,"NS,OS",,83,,,,,,,,,93,96,,,,,grant,27/06/2016
457,Pelecanoidesgarnotii,,,,,,,,,,,,,,,1,,,,,,,,,,,,,,,,,,,,,,,,,,,,,,,,,,,,NS,,,,,,,,,,,,,,,,,grant,27/06/2016
458,Pelecanoidesgeorgicus,,0.09,0.15,,,0.09,0.15,,,,,,,,1,,,,17,,44,52,,,42,60,,,,,4.8,,,,,,,,,0.145,,,,,,,2,,,,NS,,,30,38,,,,,,,,,,,,,grant,27/06/2016
459,Pelecanoidesmagellani,,,,,,,,,,,,,,,1,,,,,,,,,,,,,,,,,,,,,,,,,,,,,,,,,,,,NS,,,,,,,,,,,,,,,,,grant,27/06/2016
460,Pelecanoidesurinatrix,,0.11,0.15,,,0.11,0.15,,,,,,,,1,,,,,53.5,,,,,49,55,,,,,4.3,,,,,0,,,,,,,,,,,,2,3,,NS,,43,,,,,,,,,75,87,,,,,grant,27/06/2016
461,Pelecanoidesurinatrixexsul,0.134,,,,0.134,,,,,,,,,,1,,,,19,54,,,,54,,,,,,,,,,,,,,,,0.16,,,,,,,2,,,,,,,,,,,,,,75,,,,,,,,
462,Procellariaaequinoctialis,1.28,,,,1.39,,,,,,,,,,1,,,,124,,57,62,,,87,106,,,,,24,,,,,,,,,1.85,,,,,,,6.5,,,,OS,,,134,147,,,,,,79,,,,,,,grant,27/06/2016
463,Procellariacinerea,1.13,,,,1.13,,,,,,,,,,1,,,,110,,52,61,,93,110,120,,,,,18,,,,,,,,,1.22,,,,,,,7,,,,OS,,,115,130,,,,,,,,,,,,,grant,27/06/2016
464,Procellariaconspicillata,,,,,,,,,,,,,,,1,,,,,,,,,,,,,,,,,,,,,,,,,,,,,,,,,,,,OS,,,,,,,,,,,,,,,,,grant,27/06/2016
465,Procellariaparkinsoni,0.68,,,,0.72,,,,,,,,,,1,,,,,56,,,,,96,122,,,,,,,,,,0,,,,,,,,,,,,6,8,,OS,,115,,,,,,,,94,,,,,,,grant,27/06/2016
466,Procellariawestlandica,,1.1,1.2,,,1.2,1.3,,,,,,,,1,,,,,,51,68,,130,,,,,,,,,,,,0,,,,,,,,,,,12,,,,OS,8-9000km,,135,140,,,,,,,,,,,,,grant,27/06/2016
467,Pseudobulweriaaterrima,,,,,,,,,,,,,,,1,,,,,,,,,,,,,,,,,,,,,,,,,,,,,,,,,,,,OS?,,,,,,,,,,,,,,,,,grant,27/06/2016
468,Pseudobulweriabecki,,,,,,,,,,,,,,,1,,,,,,,,,,,,,,,,,,,,,,,,,,,,,,,,,,,,,,,,,,,,,,,,,,,,,grant,27/06/2016
469,Pseudobulweriamacgillivrayi,,,,,,,,,,,,,,,1,,,,,,,,,,,,,,,,,,,,,,,,,,,,,,,,,,,,,,,,,,,,,,,,,,,,,grant,27/06/2016
470,Pseudobulweriarostrata,,,,,,,,,,,,,,,1,,,,,,,,,,,,,,,,,,,,,,,,,,,,,,,,,,,,,,84,,,,,,,,,,,,,,,grant,27/06/2016
471,Pterdromaocculta,0.4,,,ca,0.4,,,ca,,,,,,,1,,,,,,,,,,,,,,,,,,,,,,,,,,,,,,,,,,,,,TransEq,,,,,,,,,,,,,,,,grant,27/06/2016
472,Pterodromaalba,0.27,,,,0.27,,,,,,,,,,1,,,,,,,,,,,,,,,,,,,,,,,,,,,,,,,,,,,,NS,,83,,,,,,,,,,,,,,,grant,27/06/2016
473,Pterodromaarminjoniana,,0.29,0.46,,,0.29,0.46,,,,,,,,1,,,,,,,,,,,,,,,,,,,,,,,,,,,,,,,,,,,,OS,,,88,102,,,,,,,,,,,,,grant,27/06/2016
474,Pterodromaatrata,,,,,,,,,,,,,,,1,,,,,,,,,,,,,,,,,,,,,,,,,,,,,,,,,,,,OS,,,,,,,,,,,,,,,,,grant,27/06/2016
475,Pterodromaaxillaris,0.2,,,,0.2,,,,,,,,,,1,,,,,,10,15,,,,,,,,,,,,,,,,,,,,,,,,,,,,,,,,63,71,,,,,,,,,,,,,grant,27/06/2016
476,Pterodromabaraui,0.4,,,,0.4,,,,,,,,,,1,,,,,55,,,,,,,,,,,,,,,,,,,,,,,,,,,,,,,,,96,,,,,,,,,,,,,,,grant,27/06/2016
477,Pterodromabrevipes,,,,,,,,,,,,,,,1,,,,,,,,,,,,,,,,,,,,,,,,,,,,,,,,,,,,,,,,,,,,,,,,,,,,,grant,27/06/2016
478,Pterodromacahow,,,,,,,,,,,,,,,1,,,,,52,,,,92,,,,,,,,,,,,,,,,,,,,,,,,,,,OS,,89,,,,,,,,,,,,,,,grant,27/06/2016
479,Pterodromacaribbaea,,,,,,,,,,,,,,,1,,,,,,,,,,,,,,,,,,,,,,,,,,,,,,,,,,,,,,95,,,ca,,,,,,,,,,,,grant,27/06/2016
480,Pterodromacervicalis,,0.38,0.54,,,0.38,0.54,,,,,,,,1,,,,,,,,,,100,115,,,,,,,,,,,,,,,,,,,,,,,,,,,100,,,,,,,,,,,,,,,grant,27/06/2016
481,Pterodromacookii,0.19,,,,0.19,,,,,,,,,,1,,,,,,47,51,,88,,,,,,,,,,,,,,,,,,,,,,,,,,,OS,,65,,,,,,,,,,,,,,,grant,27/06/2016
482,Pterodromadefilippiana,,,,,,,,,,,,,,,1,,,,,,,,,,,,,,,,,,,,,,,,,,,,,,,,,,,,,,66,,,ca,,,,,,,,,,,,grant,27/06/2016
483,Pterodromadeserta,,,,,,,,,,,,,,,,,,,,,,,,,,,,,,,,,,,,,,,,,,,,,,,,,,,,,,,,,,,,,,,,,,,,grant,27/06/2016
484,Pterodromaexterna,,0.41,0.54,,,0.41,0.54,,,,,,,,1,,,,,,,,,,,,,,,,,,,,,,,,,,,,,,,,,,,,OS,,,95,97,,,,,,,,,,,,,grant,27/06/2016
485,Pterodromafeae,,,,,,,,,,,,,,,1,,,,,,,,,,,,,,,,,,,,,,,,,,,,,,,,,,,,,,,83,95,,,,,,,,,,,,,grant,27/06/2016
486,Pterodromagouldi,,,,,,,,,,,,,,,,,,,,,,,,,,,,,,,,,,,,,,,,,,,,,,,,,,,,,,,,,,,,,,,,,,,,grant,27/06/2016
487,Pterodromahasitata,,,,,,,,,,,,,,,1,,,,,,51,54,,,90,100,,,,,,,,,,,,,,,,,,,,,,,,,OS,,95,,,,,,,,,,,,,,,grant,27/06/2016
488,Pterodromaheraldica,0.32,,,,0.32,,,,,,,,,,1,,,,,,,,,,,,,,,,,,,,,,,,,,,,,,,,,,,,NS,,,88,102,,,,,,,,,,,,,grant,27/06/2016
489,Pterodromahypoleuca,0.24,0.152,0.308,,0.24,0.152,0.308,,,,,,,,1,,,,,49,,,,82,77,89,,83,,,,,,,,,,,,,,,,,,,,,,,OS,,,63,71,,21,,,,,,,,,,,grant,27/06/2016
490,Pterodromaincerta,,,,,,,,,,,,,,,1,,,,,,,,,,,,,,,,,,,,,,,,,,,,,,,,,,,,OS?,,100,,,,,,,,,,,,,,,grant,27/06/2016
491,Pterodromainexpectata,,0.24,0.44,,,0.24,0.44,,,,,,,,1,,,,61,,49,53,,,90,105,,,,,,,,,,,,,,,,,,,,,,,,,OS,,,78,84,,,,,,,,,,,,,grant,27/06/2016
492,Pterodromalessonii,,0.58,0.81,,,0.58,0.81,,,,,,,,1,,,,99,60,,,ca,112,,,,,,,13,,,,,,,,,0.9,,,,,,,5.5,,,,OS,,109,,,,,,,,,,,,,,,grant,27/06/2016
493,Pterodromaleucoptera,,0.17,0.22,,,0.17,0.22,,,,,,,,1,,,,,,42,49,,,77,84,,,,,,,,,,,,,,,,,,,,,,,,,OS,,70,,,,,,,,,,,,,,,grant,27/06/2016
494,Pterodromalongirostris,,,,,,,,,,,,,,,1,,,,,,,,,,,,,,,,,,,,,,,,,,,,,,,,,,,,OS,,53,,,,,,,,,,,,,,,grant,27/06/2016
495,Pterodromamacroptera,,0.46,0.75,,,0.46,0.75,,,,,,,,1,,,,90,,55,57,,125,,,,,,,,,,,,0,,,,,,,,,,,,6,7,,OS,,,97,102,,,,,,,,,,,,,grant,27/06/2016
496,Pterodromamadeira,,,,,,,,,,,,,,,1,,,,,,,,,,,,,,,,,,,,,,,,,,,,,,,,,,,,,,,,,,,,,,,,,,,,,grant,27/06/2016
497,Pterodromamagentae,,0.42,0.51,,,0.42,0.51,,,,,,,,1,,,,,52,,,,90,,,?,,,,,,,,0.26,,,,,,,,,,,,,,,,OS,,102,,,,,,,,,,,,,,,grant,27/06/2016
498,Pterodromamollis,,0.28,0.31,,,0.28,0.31,,,,,,,,1,,,,54,50,,,,,90,115,,,,,,,,,,0,,,,0.35,,,,,,,,,,,OS,,,83,95,,,,,,,,,,,,,grant,27/06/2016
499,Pterodromaneglecta,,0.37,0.59,,,0.37,0.59,,,,,,,,1,,,,,,50,52,,,110,130,,,,,,,,,,,,,,,,,,,,,,,,,NS,,92,,,,,,,,,,,,,,,grant,27/06/2016
500,Pterodromanigripennis,,0.17,0.21,,,0.17,0.2,,,,,,,,1,,,,,,,,,,,,,,,,,,,,,,,,,,,,,,,,,,,,OS,,,63,71,,,,,,,,,,,,,grant,27/06/2016
501,Pterodromaphaeopygia,0.43,,,,0.43,,,,,,,,,,1,,,,,55.3,54,58,,,110,119,,,,,10,,,,,0,,,,,,,,,,,5,5,6,,OS,,91,,,,,,,,93,,,,,,,grant,27/06/2016
502,Pterodromapycrofti,,0.13,0.2,,,0.13,0.2,,,,,,,,1,,,,,45,,,,80,,,,,,,,,,,,,,,,,,,,,,,,,,,,,,53,66,,,,,,72,,,,,,,grant,27/06/2016
503,Pterodromarupinarum,,,,,,,,,,,,,,,,,,,,,,,,,,,,,,,,,,,,,,,,,,,,,,,,,,,,,,,,,,,,,,,,,,,,grant,27/06/2016
504,Pterodromasandwichensis,0.45,0.33,0.63,,0.45,0.33,0.63,,,,,,,,1,,,,,55.3,54,58,,,100,119,,,,,,,,,,0,,,,,,,,,,,,5,6,,OS,,,,,,,,,,93,,,,,,,grant,27/06/2016
505,Pterodromasolandri,,0.41,0.43,,,0.44,0.6,,,,,,,,1,,,,,56,,,,,,,,,,,,,,,,,,,,,,,,,,,,,,,OS,,,95,105,,,,,,,,,,,,,grant,27/06/2016
506,Pterodromaultima,,,,,,,,,,,,,,,1,,,,,,,,,,,,,,,,,,,,,,,,,,,,,,,,,,,,OS?,,97,,,,,,,,,,,,,,,grant,27/06/2016
507,Puffinusassimilis,0.18,,,,0.26,,,,,,,,,,1,,,,,,52,58,,,70,75,,,,,,,,,,,,,,,,,,,,,,,,,os,,,55,67,,,,,,,,,,,,,grant,27/06/2016
508,Puffinusauricularis,0.34,0.32,0.36,,0.34,0.32,0.36,,,,,,,,1,,,,,62,47,66,,92.4,88,100,,,,,,,,,,0,,,,,,,,,,,,4,7,,OS,,,,,,,,,,,,,,,,,grant,27/06/2016
509,Puffinusbailloni,,,,,,,,,,,,,,,,,,,,,,,,,,,,,,,,,,,,,,,,,,,,,,,,,,,,,,,,,,,,,,,,,,,,grant,27/06/2016
510,Puffinusbannermani,,,,,,,,,,,,,,,,,,,,,,,,,,,,,,,,,,,,,,,,,,,,,,,,,,,,,,,,,,,,,,,,,,,,grant,27/06/2016
511,Puffinusbryani,,,,,,,,,,,,,,,,,,,,,,,,,,,,,,,,,,,,,,,,,,,,,,,,,,,,,,,,,,,,,,,,,,,,grant,27/06/2016
512,Puffinuselegans,,,,,,,,,,,,,,,,,,,,,,,,,,,,,,,,,,,,,,,,,,,,,,,,,,,,,,,,,,,,,,,,,,,,grant,27/06/2016
513,Puffinusgavia,,0.23,0.42,,,0.23,0.42,,,,,,,,1,,,,,,,,,,,,,,,,,,,,,,,,,,,,,,,,,,,,"NS,OS",,76,,,,,,,,,,,,,,,grant,27/06/2016
514,Puffinusheinrothi,,,,,,,,,,,,,,,1,,,,,,,,,,,,,,,,,,,,,,,,,,,,,,,,,,,,,,,,,,,,,,,,,,,,,grant,27/06/2016
515,Puffinushuttoni,0.37,,,,0.37,,,,,,,,,,1,,,,,51,50,60,,80,,,,46.5,57,85,,,,,,,,,,,,,,,,,,4,6,,"NS,OS",,,72,78,,,,,,93,,,,,,,grant,27/06/2016
516,Puffinuslherminieri,,0.15,0.23,,,0.15,0.23,,,,,,,,1,,,,,,49,51,,,62,75,,,,,,,,,,,,,,,,,,,,,8,,,ca,NS+,,,64,74,,,,,,93,,,,,,,grant,27/06/2016
517,Puffinusmauretanicus,,,,,,,,,,,,,,,1,,,,,50,,,ca,72,,,ca,,,,,,,,,,,,,,,,,,,,,,,,,,,,,,,,,,,,,,,,,grant,27/06/2016
518,Puffinusnativitatis,,0.32,0.34,,,0.32,0.34,,,,,,,,1,,,,,,50,54,,96,,,,63,,,,,,,,,,,,,,,,,,,,,,,,,,71,81,,,,,,,,,,,,,grant,27/06/2016
519,Puffinusnewelli,0.39,0.34,0.43,,0.39,0.34,0.43,,,,,,,,1,,,,,,47,66,,,,,,,,,,,,,,0,,,,,,,,,,,,4,7,,OS,,,,,,,,,,90,,,,,,,grant,27/06/2016
520,Puffinusopisthomelas,0.41,,,,0.41,,,,,,,,,,1,,,,54.5,50,,,,69,,,,36,53,68,57,,,,,,,,,.354 -.403,.87-.99,,,,,,,,,,NS,,,76,89,,,,,,,,,,,,,grant,27/06/2016
521,Puffinuspersicus,,,,,,,,,,,,,,,,,,,,,,,,,,,,,,,,,,,,,,,,,,,,,,,,,,,,,,,,,,,,,,,,,,,,grant,27/06/2016
522,Puffinuspuffinus,,0.35,0.58,,,0.3,0.45,,,,,201,,,1,,,,58,51.3,47,66,,69,92,76,,60,69,88,12,,,,,0,,,,0.6,,,,,,,6,,,,OS,,79,,,,45,,,,,88,93,,,,,grant,27/06/2016
523,Puffinussubalaris,,,,,,,,,,,,,,,,,,,,,,,,,,,,,,,,,,,,,,,,,,,,,,,,,,,,,,,,,,,,,,,,,,,,grant,27/06/2016
524,Puffinusyelkouan,,0.34,0.42,,,0.34,0.42,,,,,,,,1,,,,,52,,,,72,,,,,,,,,,,,,,,,,,,,,,,,,,,NS,,,76,93,,,,,,,,,,,,,grant,27/06/2016
525,Thalassoicaantarctica,0.69,,,,0.81,,,,,,,,,,1,,,,90,,40,45,,,42,62,,,,,,,,,,,,,,,,,,,,,,,,,"NS,OS",,104,,,,,,,,90,,,,,,,grant,27/06/2016
526,Cladorhynchusleucocephalus,,,,,,,,,,,,,,,,,,,,,,,,,,,,,,,,,,,,,,,,,,,,,,,,,,,,,,,,,,,,,,,,,,,,grant,27/06/2016
527,Himantopushimantopus,,,,,,,,,,,,,,,,,,,,,,,,,,,,,,,,,,,,,,,,,,,,,,,,,,,,,,,,,,,,,,,,,,,,grant,27/06/2016
528,Himantopusnovaezelandiae,,,,,,,,,,,,,,,,,,,,,,,,,,,,,,,,,,,,,,,,,,,,,,,,,,,,,,,,,,,,,,,,,,,,grant,27/06/2016
529,Recurvirostraamericana,,,,,,,,,,,,,,,,,,,,,,,,,,,,,,,,,,,,,,,,,,,,,,,,,,,,,,,,,,,,,,,,,,,,grant,27/06/2016
530,Recurvirostraandina,,,,,,,,,,,,,,,,,,,,,,,,,,,,,,,,,,,,,,,,,,,,,,,,,,,,,,,,,,,,,,,,,,,,grant,27/06/2016
531,Recurvirostraavosetta,,,,,,,,,,,,,,,,,,,,,,,,,,,,,,,,,,,,,,,,,,,,,,,,,,,,,,,,,,,,,,,,,,,,grant,27/06/2016
532,Recurvirostranovaehollandiae,,,,,,,,,,,,,,,,,,,,,,,,,,,,,,,,,,,,,,,,,,,,,,,,,,,,,,,,,,,,,,,,,,,,grant,27/06/2016
533,Nycticryphessemicollaris,,,,,,,,,,,,,,,,,,,,,,,,,,,,,,,,,,,,,,,,,,,,,,,,,,,,,,,,,,,,,,,,,,,,grant,27/06/2016
534,Rostratulaaustralis,,,,,,,,,,,,,,,,,,,,,,,,,,,,,,,,,,,,,,,,,,,,,,,,,,,,,,,,,,,,,,,,,,,,grant,27/06/2016
535,Rostratulabenghalensis,,,,,,,,,,,,,,,,,,,,,,,,,,,,,,,,,,,,,,,,,,,,,,,,,,,,,,,,,,,,,,,,,,,,grant,27/06/2016
536,Actitishypoleucos,,,,,,,,,,,,,,,,,,,,,,,,,,,,,,,,,,,,,,,,,,,,,,,,,,,,,,,,,,,,,,,,,,,,grant,27/06/2016
537,Actitismacularius,,,,,,,,,,,,,,,,,,,,,,,,,,,,,,,,,,,,,,,,,,,,,,,,,,,,,,,,,,,,,,,,,,,,grant,27/06/2016
538,Arenariainterpres,,,,,,,,,,,,,,,,,,,,,,,,,,,,,,,,,,,,,,,,,,,,,,,,,,,,,,,,,,,,,,,,,,,,grant,27/06/2016
539,Arenariamelanocephala,,,,,,,,,,,,,,,,,,,,,,,,,,,,,,,,,,,,,,,,,,,,,,,,,,,,,,,,,,,,,,,,,,,,grant,27/06/2016
540,Bartramialongicauda,,,,,,,,,,,,,,,,,,,,,,,,,,,,,,,,,,,,,,,,,,,,,,,,,,,,,,,,,,,,,,,,,,,,grant,27/06/2016
541,Calidrisacuminata,,,,,,,,,,,,,,,,,,,,,,,,,,,,,,,,,,,,,,,,,,,,,,,,,,,,,,,,,,,,,,,,,,,,grant,27/06/2016
542,Calidrisalba,,,,,,,,,,,,,,,,,,,,,,,,,,,,,,,,,,,,,,,,,,,,,,,,,,,,,,,,,,,,,,,,,,,,grant,27/06/2016
543,Calidrisalpina,,,,,,,,,,,,,,,,,,,,,,,,,,,,,,,,,,,,,,,,,,,,,,,,,,,,,,,,,,,,,,,,,,,,grant,27/06/2016
544,Calidrisbairdii,,,,,,,,,,,,,,,,,,,,,,,,,,,,,,,,,,,,,,,,,,,,,,,,,,,,,,,,,,,,,,,,,,,,grant,27/06/2016
545,Calidriscanutus,,,,,,,,,,,,,,,,,,,,,,,,,,,,,,,,,,,,,,,,,,,,,,,,,,,,,,,,,,,,,,,,,,,,grant,27/06/2016
546,Calidrisfalcinellus,,,,,,,,,,,,,,,,,,,,,,,,,,,,,,,,,,,,,,,,,,,,,,,,,,,,,,,,,,,,,,,,,,,,grant,27/06/2016
547,Calidrisferruginea,,,,,,,,,,,,,,,,,,,,,,,,,,,,,,,,,,,,,,,,,,,,,,,,,,,,,,,,,,,,,,,,,,,,grant,27/06/2016
548,Calidrisfuscicollis,,,,,,,,,,,,,,,,,,,,,,,,,,,,,,,,,,,,,,,,,,,,,,,,,,,,,,,,,,,,,,,,,,,,grant,27/06/2016
549,Calidrishimantopus,,,,,,,,,,,,,,,,,,,,,,,,,,,,,,,,,,,,,,,,,,,,,,,,,,,,,,,,,,,,,,,,,,,,grant,27/06/2016
550,Calidrismaritima,,,,,,,,,,,,,,,,,,,,,,,,,,,,,,,,,,,,,,,,,,,,,,,,,,,,,,,,,,,,,,,,,,,,grant,27/06/2016
551,Calidrismauri,,,,,,,,,,,,,,,,,,,,,,,,,,,,,,,,,,,,,,,,,,,,,,,,,,,,,,,,,,,,,,,,,,,,grant,27/06/2016
552,Calidrismelanotos,,,,,,,,,,,,,,,,,,,,,,,,,,,,,,,,,,,,,,,,,,,,,,,,,,,,,,,,,,,,,,,,,,,,grant,27/06/2016
553,Calidrisminuta,,,,,,,,,,,,,,,,,,,,,,,,,,,,,,,,,,,,,,,,,,,,,,,,,,,,,,,,,,,,,,,,,,,,grant,27/06/2016
554,Calidrisminutilla,,,,,,,,,,,,,,,,,,,,,,,,,,,,,,,,,,,,,,,,,,,,,,,,,,,,,,,,,,,,,,,,,,,,grant,27/06/2016
555,Calidrisptilocnemis,,,,,,,,,,,,,,,,,,,,,,,,,,,,,,,,,,,,,,,,,,,,,,,,,,,,,,,,,,,,,,,,,,,,grant,27/06/2016
556,Calidrispugnax,,,,,,,,,,,,,,,,,,,,,,,,,,,,,,,,,,,,,,,,,,,,,,,,,,,,,,,,,,,,,,,,,,,,grant,27/06/2016
557,Calidrispusilla,,,,,,,,,,,,,,,,,,,,,,,,,,,,,,,,,,,,,,,,,,,,,,,,,,,,,,,,,,,,,,,,,,,,grant,27/06/2016
558,Calidrispygmaea,,,,,,,,,,,,,,,,,,,,,,,,,,,,,,,,,,,,,,,,,,,,,,,,,,,,,,,,,,,,,,,,,,,,grant,27/06/2016
559,Calidrisruficollis,,,,,,,,,,,,,,,,,,,,,,,,,,,,,,,,,,,,,,,,,,,,,,,,,,,,,,,,,,,,,,,,,,,,grant,27/06/2016
560,Calidrissubminuta,,,,,,,,,,,,,,,,,,,,,,,,,,,,,,,,,,,,,,,,,,,,,,,,,,,,,,,,,,,,,,,,,,,,grant,27/06/2016
561,Calidrissubruficollis,,,,,,,,,,,,,,,,,,,,,,,,,,,,,,,,,,,,,,,,,,,,,,,,,,,,,,,,,,,,,,,,,,,,grant,27/06/2016
562,Calidristemminckii,,,,,,,,,,,,,,,,,,,,,,,,,,,,,,,,,,,,,,,,,,,,,,,,,,,,,,,,,,,,,,,,,,,,grant,27/06/2016
563,Calidristenuirostris,,,,,,,,,,,,,,,,,,,,,,,,,,,,,,,,,,,,,,,,,,,,,,,,,,,,,,,,,,,,,,,,,,,,grant,27/06/2016
564,Calidrisvirgata,,,,,,,,,,,,,,,,,,,,,,,,,,,,,,,,,,,,,,,,,,,,,,,,,,,,,,,,,,,,,,,,,,,,grant,27/06/2016
565,Coenocoryphaaucklandica,,,,,,,,,,,,,,,,,,,,,,,,,,,,,,,,,,,,,,,,,,,,,,,,,,,,,,,,,,,,,,,,,,,,grant,27/06/2016
566,Coenocoryphabarrierensis,,,,,,,,,,,,,,,,,,,,,,,,,,,,,,,,,,,,,,,,,,,,,,,,,,,,,,,,,,,,,,,,,,,,grant,27/06/2016
567,Coenocoryphahuegeli,,,,,,,,,,,,,,,,,,,,,,,,,,,,,,,,,,,,,,,,,,,,,,,,,,,,,,,,,,,,,,,,,,,,grant,27/06/2016
568,Coenocoryphairedalei,,,,,,,,,,,,,,,,,,,,,,,,,,,,,,,,,,,,,,,,,,,,,,,,,,,,,,,,,,,,,,,,,,,,grant,27/06/2016
569,Coenocoryphapusilla,,,,,,,,,,,,,,,,,,,,,,,,,,,,,,,,,,,,,,,,,,,,,,,,,,,,,,,,,,,,,,,,,,,,grant,27/06/2016
570,Gallinagoandina,,,,,,,,,,,,,,,,,,,,,,,,,,,,,,,,,,,,,,,,,,,,,,,,,,,,,,,,,,,,,,,,,,,,grant,27/06/2016
571,Gallinagodelicata,,,,,,,,,,,,,,,,,,,,,,,,,,,,,,,,,,,,,,,,,,,,,,,,,,,,,,,,,,,,,,,,,,,,grant,27/06/2016
572,Gallinagogallinago,,,,,,,,,,,,,,,,,,,,,,,,,,,,,,,,,,,,,,,,,,,,,,,,,,,,,,,,,,,,,,,,,,,,grant,27/06/2016
573,Gallinagohardwickii,,,,,,,,,,,,,,,,,,,,,,,,,,,,,,,,,,,,,,,,,,,,,,,,,,,,,,,,,,,,,,,,,,,,grant,27/06/2016
574,Gallinagoimperialis,,,,,,,,,,,,,,,,,,,,,,,,,,,,,,,,,,,,,,,,,,,,,,,,,,,,,,,,,,,,,,,,,,,,grant,27/06/2016
575,Gallinagojamesoni,,,,,,,,,,,,,,,,,,,,,,,,,,,,,,,,,,,,,,,,,,,,,,,,,,,,,,,,,,,,,,,,,,,,grant,27/06/2016
576,Gallinagomacrodactyla,,,,,,,,,,,,,,,,,,,,,,,,,,,,,,,,,,,,,,,,,,,,,,,,,,,,,,,,,,,,,,,,,,,,grant,27/06/2016
577,Gallinagomedia,,,,,,,,,,,,,,,,,,,,,,,,,,,,,,,,,,,,,,,,,,,,,,,,,,,,,,,,,,,,,,,,,,,,grant,27/06/2016
578,Gallinagomegala,,,,,,,,,,,,,,,,,,,,,,,,,,,,,,,,,,,,,,,,,,,,,,,,,,,,,,,,,,,,,,,,,,,,grant,27/06/2016
579,Gallinagonemoricola,,,,,,,,,,,,,,,,,,,,,,,,,,,,,,,,,,,,,,,,,,,,,,,,,,,,,,,,,,,,,,,,,,,,grant,27/06/2016
580,Gallinagonigripennis,,,,,,,,,,,,,,,,,,,,,,,,,,,,,,,,,,,,,,,,,,,,,,,,,,,,,,,,,,,,,,,,,,,,grant,27/06/2016
581,Gallinagonobilis,,,,,,,,,,,,,,,,,,,,,,,,,,,,,,,,,,,,,,,,,,,,,,,,,,,,,,,,,,,,,,,,,,,,grant,27/06/2016
582,Gallinagoparaguaiae,,,,,,,,,,,,,,,,,,,,,,,,,,,,,,,,,,,,,,,,,,,,,,,,,,,,,,,,,,,,,,,,,,,,grant,27/06/2016
583,Gallinagosolitaria,,,,,,,,,,,,,,,,,,,,,,,,,,,,,,,,,,,,,,,,,,,,,,,,,,,,,,,,,,,,,,,,,,,,grant,27/06/2016
584,Gallinagostenura,,,,,,,,,,,,,,,,,,,,,,,,,,,,,,,,,,,,,,,,,,,,,,,,,,,,,,,,,,,,,,,,,,,,grant,27/06/2016
585,Gallinagostricklandii,,,,,,,,,,,,,,,,,,,,,,,,,,,,,,,,,,,,,,,,,,,,,,,,,,,,,,,,,,,,,,,,,,,,grant,27/06/2016
586,Gallinagoundulata,,,,,,,,,,,,,,,,,,,,,,,,,,,,,,,,,,,,,,,,,,,,,,,,,,,,,,,,,,,,,,,,,,,,grant,27/06/2016
587,Limnodromusgriseus,,,,,,,,,,,,,,,,,,,,,,,,,,,,,,,,,,,,,,,,,,,,,,,,,,,,,,,,,,,,,,,,,,,,grant,27/06/2016
588,Limnodromusscolopaceus,,,,,,,,,,,,,,,,,,,,,,,,,,,,,,,,,,,,,,,,,,,,,,,,,,,,,,,,,,,,,,,,,,,,grant,27/06/2016
589,Limnodromussemipalmatus,,,,,,,,,,,,,,,,,,,,,,,,,,,,,,,,,,,,,,,,,,,,,,,,,,,,,,,,,,,,,,,,,,,,grant,27/06/2016
590,Limosafedoa,,,,,,,,,,,,,,,,,,,,,,,,,,,,,,,,,,,,,,,,,,,,,,,,,,,,,,,,,,,,,,,,,,,,grant,27/06/2016
591,Limosahaemastica,,,,,,,,,,,,,,,,,,,,,,,,,,,,,,,,,,,,,,,,,,,,,,,,,,,,,,,,,,,,,,,,,,,,grant,27/06/2016
592,Limosalapponica,,,,,,,,,,,,,,,,,,,,,,,,,,,,,,,,,,,,,,,,,,,,,,,,,,,,,,,,,,,,,,,,,,,,grant,27/06/2016
593,Limosalimosa,,,,,,,,,,,,,,,,,,,,,,,,,,,,,,,,,,,,,,,,,,,,,,,,,,,,,,,,,,,,,,,,,,,,grant,27/06/2016
594,Lymnocryptesminimus,,,,,,,,,,,,,,,,,,,,,,,,,,,,,,,,,,,,,,,,,,,,,,,,,,,,,,,,,,,,,,,,,,,,grant,27/06/2016
595,Numeniusamericanus,,,,,,,,,,,,,,,,,,,,,,,,,,,,,,,,,,,,,,,,,,,,,,,,,,,,,,,,,,,,,,,,,,,,grant,27/06/2016
596,Numeniusarquata,,,,,,,,,,,,,,,,,,,,,,,,,,,,,,,,,,,,,,,,,,,,,,,,,,,,,,,,,,,,,,,,,,,,grant,27/06/2016
597,Numeniusborealis,,,,,,,,,,,,,,,,,,,,,,,,,,,,,,,,,,,,,,,,,,,,,,,,,,,,,,,,,,,,,,,,,,,,grant,27/06/2016
598,Numeniusmadagascariensis,,,,,,,,,,,,,,,,,,,,,,,,,,,,,,,,,,,,,,,,,,,,,,,,,,,,,,,,,,,,,,,,,,,,grant,27/06/2016
599,Numeniusminutus,,,,,,,,,,,,,,,,,,,,,,,,,,,,,,,,,,,,,,,,,,,,,,,,,,,,,,,,,,,,,,,,,,,,grant,27/06/2016
600,Numeniusphaeopus,,,,,,,,,,,,,,,,,,,,,,,,,,,,,,,,,,,,,,,,,,,,,,,,,,,,,,,,,,,,,,,,,,,,grant,27/06/2016
601,Numeniustahitiensis,,,,,,,,,,,,,,,,,,,,,,,,,,,,,,,,,,,,,,,,,,,,,,,,,,,,,,,,,,,,,,,,,,,,grant,27/06/2016
602,Numeniustenuirostris,,,,,,,,,,,,,,,,,,,,,,,,,,,,,,,,,,,,,,,,,,,,,,,,,,,,,,,,,,,,,,,,,,,,grant,27/06/2016
603,Phalaropusfulicarius,,,,,,,,,,,,,,,,,,,,,,,,,,,,,,,,,,,,,,,,,,,,,,,,,,,,,,,,,,,,,,,,,,,,grant,27/06/2016
604,Phalaropuslobatus,,,,,,,,,,,,,,,,,,,,,,,,,,,,,,,,,,,,,,,,,,,,,,,,,,,,,,,,,,,,,,,,,,,,grant,27/06/2016
605,Prosoboniacancellata,,,,,,,,,,,,,,,,,,,,,,,,,,,,,,,,,,,,,,,,,,,,,,,,,,,,,,,,,,,,,,,,,,,,grant,27/06/2016
606,Prosoboniaellisi,,,,,,,,,,,,,,,,,,,,,,,,,,,,,,,,,,,,,,,,,,,,,,,,,,,,,,,,,,,,,,,,,,,,grant,27/06/2016
607,Prosobonialeucoptera,,,,,,,,,,,,,,,,,,,,,,,,,,,,,,,,,,,,,,,,,,,,,,,,,,,,,,,,,,,,,,,,,,,,grant,27/06/2016
608,Prosoboniaparvirostris,,,,,,,,,,,,,,,,,,,,,,,,,,,,,,,,,,,,,,,,,,,,,,,,,,,,,,,,,,,,,,,,,,,,grant,27/06/2016
609,Scolopaxbukidnonensis,,,,,,,,,,,,,,,,,,,,,,,,,,,,,,,,,,,,,,,,,,,,,,,,,,,,,,,,,,,,,,,,,,,,grant,27/06/2016
610,Scolopaxcelebensis,,,,,,,,,,,,,,,,,,,,,,,,,,,,,,,,,,,,,,,,,,,,,,,,,,,,,,,,,,,,,,,,,,,,grant,27/06/2016
611,Scolopaxminor,,,,,,,,,,,,,,,,,,,,,,,,,,,,,,,,,,,,,,,,,,,,,,,,,,,,,,,,,,,,,,,,,,,,grant,27/06/2016
612,Scolopaxmira,,,,,,,,,,,,,,,,,,,,,,,,,,,,,,,,,,,,,,,,,,,,,,,,,,,,,,,,,,,,,,,,,,,,grant,27/06/2016
613,Scolopaxrochussenii,,,,,,,,,,,,,,,,,,,,,,,,,,,,,,,,,,,,,,,,,,,,,,,,,,,,,,,,,,,,,,,,,,,,grant,27/06/2016
614,Scolopaxrosenbergii,,,,,,,,,,,,,,,,,,,,,,,,,,,,,,,,,,,,,,,,,,,,,,,,,,,,,,,,,,,,,,,,,,,,grant,27/06/2016
615,Scolopaxrusticola,,,,,,,,,,,,,,,,,,,,,,,,,,,,,,,,,,,,,,,,,,,,,,,,,,,,,,,,,,,,,,,,,,,,grant,27/06/2016
616,Scolopaxsaturata,,,,,,,,,,,,,,,,,,,,,,,,,,,,,,,,,,,,,,,,,,,,,,,,,,,,,,,,,,,,,,,,,,,,grant,27/06/2016
617,Steganopustricolor,,,,,,,,,,,,,,,,,,,,,,,,,,,,,,,,,,,,,,,,,,,,,,,,,,,,,,,,,,,,,,,,,,,,grant,27/06/2016
618,Tringabrevipes,,,,,,,,,,,,,,,,,,,,,,,,,,,,,,,,,,,,,,,,,,,,,,,,,,,,,,,,,,,,,,,,,,,,grant,27/06/2016
619,Tringaerythropus,,,,,,,,,,,,,,,,,,,,,,,,,,,,,,,,,,,,,,,,,,,,,,,,,,,,,,,,,,,,,,,,,,,,grant,27/06/2016
620,Tringaflavipes,,,,,,,,,,,,,,,,,,,,,,,,,,,,,,,,,,,,,,,,,,,,,,,,,,,,,,,,,,,,,,,,,,,,grant,27/06/2016
621,Tringaglareola,,,,,,,,,,,,,,,,,,,,,,,,,,,,,,,,,,,,,,,,,,,,,,,,,,,,,,,,,,,,,,,,,,,,grant,27/06/2016
622,Tringaguttifer,,,,,,,,,,,,,,,,,,,,,,,,,,,,,,,,,,,,,,,,,,,,,,,,,,,,,,,,,,,,,,,,,,,,grant,27/06/2016
623,Tringaincana,,,,,,,,,,,,,,,,,,,,,,,,,,,,,,,,,,,,,,,,,,,,,,,,,,,,,,,,,,,,,,,,,,,,grant,27/06/2016
624,Tringamelanoleuca,,,,,,,,,,,,,,,,,,,,,,,,,,,,,,,,,,,,,,,,,,,,,,,,,,,,,,,,,,,,,,,,,,,,grant,27/06/2016
625,Tringanebularia,,,,,,,,,,,,,,,,,,,,,,,,,,,,,,,,,,,,,,,,,,,,,,,,,,,,,,,,,,,,,,,,,,,,grant,27/06/2016
626,Tringaochropus,,,,,,,,,,,,,,,,,,,,,,,,,,,,,,,,,,,,,,,,,,,,,,,,,,,,,,,,,,,,,,,,,,,,grant,27/06/2016
627,Tringasemipalmata,,,,,,,,,,,,,,,,,,,,,,,,,,,,,,,,,,,,,,,,,,,,,,,,,,,,,,,,,,,,,,,,,,,,grant,27/06/2016
628,Tringasolitaria,,,,,,,,,,,,,,,,,,,,,,,,,,,,,,,,,,,,,,,,,,,,,,,,,,,,,,,,,,,,,,,,,,,,grant,27/06/2016
629,Tringastagnatilis,,,,,,,,,,,,,,,,,,,,,,,,,,,,,,,,,,,,,,,,,,,,,,,,,,,,,,,,,,,,,,,,,,,,grant,27/06/2016
630,Tringatotanus,,,,,,,,,,,,,,,,,,,,,,,,,,,,,,,,,,,,,,,,,,,,,,,,,,,,,,,,,,,,,,,,,,,,grant,27/06/2016
631,Xenuscinereus,,,,,,,,,,,,,,,,,,,,,,,,,,,,,,,,,,,,,,,,,,,,,,,,,,,,,,,,,,,,,,,,,,,,grant,27/06/2016
632,Scopusumbretta,,,,,,,,,,,,,,,,,,,,,,,,,,,,,,,,,,,,,,,,,,,,,,,,,,,,,,,,,,,,,,,,,,,,grant,27/06/2016
633,Aptenodytesforsteri,30,,,,38,,,,,,,,,,1,,,,450,,62,67,,,147,190,,,,,113,,,,,,,,,13,,,,19,,,5,3,9,,OS,,,,,,,,,,,92,95,,,,,grant,27/06/2016
634,Aptenodytespatagonicus,14.3,,,,16,,,,,,,,,,1,,,,302,,52,54,,,313,350,,,,,130,,,,,38,,,,12,,,,40-50,,,5,4,5,,OS,,,,,,,,,,,82,93,,,,,grant,27/06/2016
635,Eudypteschrysocome,,2.3,2.7,,,2.8,3.4,,,,,,,,2,,,,111,,33,39,,,60,70,,,,,49,,,,,0,,,,2.75,,,,,,,,,,,OS,,,,,,,,,,,,,,,,,grant,27/06/2016
636,Eudypteschrysolophus,5,3,5,,6,,,,,,,,264,770,2,,,,154,,35,37,,62,,,,,,,69,,,,,,,,,3.2,,,,,,,6,5,8,,"NS+,OS",,,,,,,,,,,77,86,,,,,grant,27/06/2016
637,Eudyptesmoseleyi,,,,,,,,,,,,,,,,,,,,,,,,,,,,,,,,,,,,,,,,,,,,,,,,,,,,,,,,,,,,,,,,,,,,grant,27/06/2016
638,Eudyptespachyrhynchus,3.4,,,,3.7,,,,,,,,,,2,,,,120,,31,36,,75,,,,,,,52,,,,,0,,,,3,,,,,,,,3,4,,NS+,,,,,,,,,,,,,,,,,grant,27/06/2016
639,Eudyptesrobustus,2.8,,,,3.4,,,,,,,,,,2,,,,125,,31,37,,75,,,,,,,,,,,,,,,,,,,,,,,5,,,,OS,,,,,,,,,,,,,,,,,grant,27/06/2016
640,Eudyptesschlegeli,,5,6,,,5,6,,,,,,,,2,,,,,,32,37,,65,,,,,,,,,,,,,,,,,,,,,,,5,,,,OS,,,,,,,,,,86,,,,,,,grant,27/06/2016
641,Eudyptessclateri,,2.8,5.4,,,3.4,6.3,,,,,,,,2,,,,149,35,,,,75,,,,,,,,,,,,,,,,,,,,,,,,,,,OS,,,,,,,,,,,,,,,,,grant,27/06/2016
642,Eudyptulaminor,,0.79,2.1,,,0.75,2.1,,,,,,,,,1,2,,52,,33,50,,,54,63,,,,,23,,,,,0,,,,,,,,17,71,,,2,3,,NS,,,,,,,,,,74.5,,,,,,,grant,27/06/2016
643,Megadyptesantipodes,5.2,,,,5.2,,,,,,,,,,,1,2,,138,,39,51,,106,,,,,,,67,,,,,0,,,,6,,,,48,,,2,2,3,,NS,,,,,,,,,,87,,,,,,,grant,27/06/2016
644,Pygoscelisadeliae,4.7,,,,5,,,,,,,,,,1.9,1,2,,120,,31,38,,,41,60,,,,,116,,,,,0,,,,4.2,,,,51,,,,3,6,,NS+,,,,,,,,,,89,,,,,,,grant,27/06/2016
645,Pygoscelisantarcticus,3.8,,,,3.8,,,,,,,,,,2,,,,104,,33,37,,,49,59,,,,,86,,,,,0,,,,4,,,,,,,,3,5,,NS+,,,,,,,,,,,80,86,,,,,grant,27/06/2016
646,Pygoscelispapua,5.15,,,,5.58,,,,,,,,,,2,,,,133,,35,36,,,74,100,,,,,85,,,,,,5,50,,5.3,,,,27-59,,,2,,,,NS,,,,,,,,,,80,,,,,,,grant,27/06/2016
647,Spheniscusdemersus,3.1,,,,3.3,,,,,,,,,,2,,,,,38,,,,,70,80,,,,,35,,,,,0,,,,,,,,,,,3,,,,NS,,,,,,,,,,61.7,,,,,,,grant,27/06/2016
648,Spheniscushumboldti,4.5,,,,4.5,,,,,,,,,,2,,,,,,,,,,,,,,,,,,,,,,,,,,,,,,,,,,,,NS,,,,,,,,,,,,,,,,,grant,27/06/2016
649,Spheniscusmagellanicus,,2.7,4.1,,,2.9,4.8,,,,,,,,2,,,,,40,,,,,60,100,,,,,,,,,,0,,,,,,,,,,,2,,,,NS,,,,,,,,,,85,,,,,,,grant,27/06/2016
650,Spheniscusmendiculus,1.87,,,,2.18,,,,,,,,,,2,,,,,38,,,,,60,80,,,,,,,,,,0,,,,,,,,,,,,4,5,,NS,,,,,,,,,,85,,,,,,,grant,27/06/2016
651,Catharactaantarctica,,1.2,2.1,,,1.2,2.1,,,,,,,,2,,,,,,28,32,,,45,50,,,,,,,,,,,,,,,,,,,,,6,,,+,NS,,,126,160,,,,,,,90,96,,,,,grant,27/06/2016
652,Catharactachilensis,,1.1,1.7,,,1.1,1.7,,,,,,,,2,,,,,,28,32,,,,,,,,,,,,,,,,,,,,,,,,,,,,,NS,,,130,138,,,,,,,,,,,,,grant,27/06/2016
653,Catharactamaccormicki,,0.9,1.6,,,0.9,1.6,,,,,,,,2,,,,,,28,31,,,36,53,,,,,,,,,,6,,,+,,,,,,,,6,,,+,NS+,,,130,140,,,,,,,90,95,,,,,grant,27/06/2016
654,Catharactaskua,1.48,,,,1.356,,,,,,,538,,,2,,,,,29,26,32,,46,40,51,,,,,40,,,,,,,,,,,,,,,,6.8,,,,NS,,150,,,,,,,,,82,93,,,,,grant,27/06/2016
655,Stercorariuslongicaudus,,0.28,0.44,,,0.21,0.35,,,,,,,,2,,,,,24.2,,,,25,24,28,,,,,,,,,,24,,,,,,,,,,,3,,,,NS,,96,,,,8,,,,,,,,,,,grant,27/06/2016
656,Stercorariusparasiticus,0.4,0.3,0.6,,0.5,0.3,0.6,,,,,199,,,2,1,2,,,26,24,29,,31,26,38,,,,,,,,,,,14,28,,,,,,,,,4,3,7,,NS,,104,,,,18,,,,,89,90,,,,,grant,27/06/2016
657,Stercorariuspomarinus,,0.68,1,,,0.52,0.85,,,,,,,,2,1,3,,,25,23,27,,,,,,,,,,,,,,14,,,+,,,,,,,,,,,,NS+,,,,,,,,,,,,,,,,,grant,27/06/2016
658,Morusbassanus,3.07,,,,2.93,,,,,,,1079,,,1,,,,,43.6,,,,91,,,,,,,80,,,,,0,,,,,,,,,,,4,3,6,,OS,,185,,,,30,,,,94,,,,,,,grant,27/06/2016
659,Moruscapensis,2.7,,,,2.7,,,,,,,,,,1,,,,,44,,,,97.2,,,,,,,,,,,,0,,,,,,,,,,,,3,4,,OS,,,171,185,,30,,,+,,,,,,,,grant,27/06/2016
660,Morusserrator,2.3,,,,2.3,,,,,,,,,,1,,,,,43.6,37,50,,102,95,109,,,,,,,,,,0,,,,,,,,,,,,3,7,,OS,,,,,,30,,,+,,,,,,,,grant,27/06/2016
661,Papasulaabbotti,1.46,,,,1.46,,,,,,,,,,1,,,,,,56,57,,,151,168,,,,,,,,,,,180,230,,,,,,,,,,,,,OS,,,,,,30,,,+,,,,,,,,grant,27/06/2016
662,Suladactylatra,2.1,,,,1.88,,,,,,,,,,2,1,2,,,43,38,49,,130,109,151,,,,,35,,,,,,50,150,,,,,,,,,,2,4,,OS,,156,,,,30,,,+,92.5,,,,,,,grant,27/06/2016
663,Sulagranti,1.88,,,,1.63,,,,,,,,,,1.6,,,,,43,,,,120,,,,,,,,,,,,,30,62,,,,,,,,,,,,,"NS,OS",,,,,,,,,,83.2,,,,,,,grant,27/06/2016
664,Sulaleucogaster,,0.9,1.8,,,0.9,1.8,,,,,,,,2,1,3,,,42.8,,,,95,85,105,,,,,27,,,,,,118,259,,0.973-1.16,,,,,,,,2,4,,"NS,OS",,148,,,,27,,,,,92,96,,,,,grant,27/06/2016
665,Sulanebouxii,1.8,,,,1.28,,,,,,,,,,2,1,3,,,41,,,,102,,,,,,,,,,,,56,,,,,,,,,,,,2,6,,"NS,OS",,156,,,,20,,,+,,,,,,,,grant,27/06/2016
666,Sulasula,,0.8,1.5,,,0.8,1.5,,,,,,,,1,,,,,44.5,43,49,,101.5,91,139,,,,,20,,,,,190,,,,,,,,,,,,2,4,,OS,,151,,,,30,,,+,90,,,,,,,grant,27/06/2016
667,Sulavariegata,1.3,,,,1.3,,,,,,,,,,1.5,1,2,,,42,,,,78,,,,,,,,,,,,62,,,,,,,,,,,,2,3,,"NS,OS",,,,,,20,,,+,,,,,,,,grant,27/06/2016
668,Attagisgayi,,,,,,,,,,,,,,,,,,,,,,,,,,,,,,,,,,,,,,,,,,,,,,,,,,,,,,,,,,,,,,,,,,,,grant,27/06/2016
669,Attagismalouinus,,,,,,,,,,,,,,,,,,,,,,,,,,,,,,,,,,,,,,,,,,,,,,,,,,,,,,,,,,,,,,,,,,,,grant,27/06/2016
670,Thinocorusorbignyianus,,,,,,,,,,,,,,,,,,,,,,,,,,,,,,,,,,,,,,,,,,,,,,,,,,,,,,,,,,,,,,,,,,,,grant,27/06/2016
671,Thinocorusrumicivorus,,,,,,,,,,,,,,,,,,,,,,,,,,,,,,,,,,,,,,,,,,,,,,,,,,,,,,,,,,,,,,,,,,,,grant,27/06/2016
672,Bostrychiabocagei,,,,,,,,,,,,,,,,,,,,,,,,,,,,,,,,,,,,,,,,,,,,,,,,,,,,,,,,,,,,,,,,,,,,grant,27/06/2016
673,Bostrychiacarunculata,,,,,,,,,,,,,,,,,,,,,,,,,,,,,,,,,,,,,,,,,,,,,,,,,,,,,,,,,,,,,,,,,,,,grant,27/06/2016
674,Bostrychiahagedash,,,,,,,,,,,,,,,,,,,,,,,,,,,,,,,,,,,,,,,,,,,,,,,,,,,,,,,,,,,,,,,,,,,,grant,27/06/2016
675,Bostrychiaolivacea,,,,,,,,,,,,,,,,,,,,,,,,,,,,,,,,,,,,,,,,,,,,,,,,,,,,,,,,,,,,,,,,,,,,grant,27/06/2016
676,Bostrychiarara,,,,,,,,,,,,,,,,,,,,,,,,,,,,,,,,,,,,,,,,,,,,,,,,,,,,,,,,,,,,,,,,,,,,grant,27/06/2016
677,Cercibisoxycerca,,,,,,,,,,,,,,,,,,,,,,,,,,,,,,,,,,,,,,,,,,,,,,,,,,,,,,,,,,,,,,,,,,,,grant,27/06/2016
678,Eudocimusalbus,,,,,,,,,,,,,,,,,,,,,,,,,,,,,,,,,,,,,,,,,,,,,,,,,,,,,,,,,,,,,,,,,,,,grant,27/06/2016
679,Eudocimusruber,,,,,,,,,,,,,,,,,,,,,,,,,,,,,,,,,,,,,,,,,,,,,,,,,,,,,,,,,,,,,,,,,,,,grant,27/06/2016
680,Geronticuscalvus,,,,,,,,,,,,,,,,,,,,,,,,,,,,,,,,,,,,,,,,,,,,,,,,,,,,,,,,,,,,,,,,,,,,grant,27/06/2016
681,Geronticuseremita,,,,,,,,,,,,,,,,,,,,,,,,,,,,,,,,,,,,,,,,,,,,,,,,,,,,,,,,,,,,,,,,,,,,grant,27/06/2016
682,Lophotibiscristata,,,,,,,,,,,,,,,,,,,,,,,,,,,,,,,,,,,,,,,,,,,,,,,,,,,,,,,,,,,,,,,,,,,,grant,27/06/2016
683,Mesembrinibiscayennensis,,,,,,,,,,,,,,,,,,,,,,,,,,,,,,,,,,,,,,,,,,,,,,,,,,,,,,,,,,,,,,,,,,,,grant,27/06/2016
684,Nipponianippon,,,,,,,,,,,,,,,,,,,,,,,,,,,,,,,,,,,,,,,,,,,,,,,,,,,,,,,,,,,,,,,,,,,,grant,27/06/2016
685,Phimosusinfuscatus,,,,,,,,,,,,,,,,,,,,,,,,,,,,,,,,,,,,,,,,,,,,,,,,,,,,,,,,,,,,,,,,,,,,grant,27/06/2016
686,Plataleaajaja,,,,,,,,,,,,,,,,,,,,,,,,,,,,,,,,,,,,,,,,,,,,,,,,,,,,,,,,,,,,,,,,,,,,grant,27/06/2016
687,Plataleaalba,,,,,,,,,,,,,,,,,,,,,,,,,,,,,,,,,,,,,,,,,,,,,,,,,,,,,,,,,,,,,,,,,,,,grant,27/06/2016
688,Plataleaflavipes,,,,,,,,,,,,,,,,,,,,,,,,,,,,,,,,,,,,,,,,,,,,,,,,,,,,,,,,,,,,,,,,,,,,grant,27/06/2016
689,Platalealeucorodia,,,,,,,,,,,,,,,,,,,,,,,,,,,,,,,,,,,,,,,,,,,,,,,,,,,,,,,,,,,,,,,,,,,,grant,27/06/2016
690,Plataleaminor,,,,,,,,,,,,,,,,,,,,,,,,,,,,,,,,,,,,,,,,,,,,,,,,,,,,,,,,,,,,,,,,,,,,grant,27/06/2016
691,Platalearegia,,,,,,,,,,,,,,,,,,,,,,,,,,,,,,,,,,,,,,,,,,,,,,,,,,,,,,,,,,,,,,,,,,,,grant,27/06/2016
692,Plegadischihi,,,,,,,,,,,,,,,,,,,,,,,,,,,,,,,,,,,,,,,,,,,,,,,,,,,,,,,,,,,,,,,,,,,,grant,27/06/2016
693,Plegadisfalcinellus,,,,,,,,,,,,,,,,,,,,,,,,,,,,,,,,,,,,,,,,,,,,,,,,,,,,,,,,,,,,,,,,,,,,grant,27/06/2016
694,Plegadisridgwayi,,,,,,,,,,,,,,,,,,,,,,,,,,,,,,,,,,,,,,,,,,,,,,,,,,,,,,,,,,,,,,,,,,,,grant,27/06/2016
695,Pseudibisdavisoni,,,,,,,,,,,,,,,,,,,,,,,,,,,,,,,,,,,,,,,,,,,,,,,,,,,,,,,,,,,,,,,,,,,,grant,27/06/2016
696,Pseudibispapillosa,,,,,,,,,,,,,,,,,,,,,,,,,,,,,,,,,,,,,,,,,,,,,,,,,,,,,,,,,,,,,,,,,,,,grant,27/06/2016
697,Thaumatibisgigantea,,,,,,,,,,,,,,,,,,,,,,,,,,,,,,,,,,,,,,,,,,,,,,,,,,,,,,,,,,,,,,,,,,,,grant,27/06/2016
698,Theristicusbranickii,,,,,,,,,,,,,,,,,,,,,,,,,,,,,,,,,,,,,,,,,,,,,,,,,,,,,,,,,,,,,,,,,,,,grant,27/06/2016
699,Theristicuscaerulescens,,,,,,,,,,,,,,,,,,,,,,,,,,,,,,,,,,,,,,,,,,,,,,,,,,,,,,,,,,,,,,,,,,,,grant,27/06/2016
700,Theristicuscaudatus,,,,,,,,,,,,,,,,,,,,,,,,,,,,,,,,,,,,,,,,,,,,,,,,,,,,,,,,,,,,,,,,,,,,grant,27/06/2016
701,Theristicusmelanopis,,,,,,,,,,,,,,,,,,,,,,,,,,,,,,,,,,,,,,,,,,,,,,,,,,,,,,,,,,,,,,,,,,,,grant,27/06/2016
702,Threskiornisaethiopicus,,,,,,,,,,,,,,,,,,,,,,,,,,,,,,,,,,,,,,,,,,,,,,,,,,,,,,,,,,,,,,,,,,,,grant,27/06/2016
703,Threskiornisbernieri,,,,,,,,,,,,,,,,,,,,,,,,,,,,,,,,,,,,,,,,,,,,,,,,,,,,,,,,,,,,,,,,,,,,grant,27/06/2016
704,Threskiornismelanocephalus,,,,,,,,,,,,,,,,,,,,,,,,,,,,,,,,,,,,,,,,,,,,,,,,,,,,,,,,,,,,,,,,,,,,grant,27/06/2016
705,Threskiornismoluccus,,,,,,,,,,,,,,,,,,,,,,,,,,,,,,,,,,,,,,,,,,,,,,,,,,,,,,,,,,,,,,,,,,,,grant,27/06/2016
706,Threskiornissolitarius,,,,,,,,,,,,,,,,,,,,,,,,,,,,,,,,,,,,,,,,,,,,,,,,,,,,,,,,,,,,,,,,,,,,grant,27/06/2016
707,Threskiornisspinicollis,,,,,,,,,,,,,,,,,,,,,,,,,,,,,,,,,,,,,,,,,,,,,,,,,,,,,,,,,,,,,,,,,,,,grant,27/06/2016
708,Ortyxelosmeiffrenii,,,,,,,,,,,,,,,,,,,,,,,,,,,,,,,,,,,,,,,,,,,,,,,,,,,,,,,,,,,,,,,,,,,,grant,27/06/2016
709,Turnixcastanotus,,,,,,,,,,,,,,,,,,,,,,,,,,,,,,,,,,,,,,,,,,,,,,,,,,,,,,,,,,,,,,,,,,,,grant,27/06/2016
710,Turnixeveretti,,,,,,,,,,,,,,,,,,,,,,,,,,,,,,,,,,,,,,,,,,,,,,,,,,,,,,,,,,,,,,,,,,,,grant,27/06/2016
711,Turnixhottentottus,,,,,,,,,,,,,,,,,,,,,,,,,,,,,,,,,,,,,,,,,,,,,,,,,,,,,,,,,,,,,,,,,,,,grant,27/06/2016
712,Turnixmaculosus,,,,,,,,,,,,,,,,,,,,,,,,,,,,,,,,,,,,,,,,,,,,,,,,,,,,,,,,,,,,,,,,,,,,grant,27/06/2016
713,Turnixmelanogaster,,,,,,,,,,,,,,,,,,,,,,,,,,,,,,,,,,,,,,,,,,,,,,,,,,,,,,,,,,,,,,,,,,,,grant,27/06/2016
714,Turnixnanus,,,,,,,,,,,,,,,,,,,,,,,,,,,,,,,,,,,,,,,,,,,,,,,,,,,,,,,,,,,,,,,,,,,,grant,27/06/2016
715,Turnixnigricollis,,,,,,,,,,,,,,,,,,,,,,,,,,,,,,,,,,,,,,,,,,,,,,,,,,,,,,,,,,,,,,,,,,,,grant,27/06/2016
716,Turnixnovaecaledoniae,,,,,,,,,,,,,,,,,,,,,,,,,,,,,,,,,,,,,,,,,,,,,,,,,,,,,,,,,,,,,,,,,,,,grant,27/06/2016
717,Turnixocellatus,,,,,,,,,,,,,,,,,,,,,,,,,,,,,,,,,,,,,,,,,,,,,,,,,,,,,,,,,,,,,,,,,,,,grant,27/06/2016
718,Turnixolivii,,,,,,,,,,,,,,,,,,,,,,,,,,,,,,,,,,,,,,,,,,,,,,,,,,,,,,,,,,,,,,,,,,,,grant,27/06/2016
719,Turnixpyrrhothorax,,,,,,,,,,,,,,,,,,,,,,,,,,,,,,,,,,,,,,,,,,,,,,,,,,,,,,,,,,,,,,,,,,,,grant,27/06/2016
720,Turnixsuscitator,,,,,,,,,,,,,,,,,,,,,,,,,,,,,,,,,,,,,,,,,,,,,,,,,,,,,,,,,,,,,,,,,,,,grant,27/06/2016
721,Turnixsylvaticus,,,,,,,,,,,,,,,,,,,,,,,,,,,,,,,,,,,,,,,,,,,,,,,,,,,,,,,,,,,,,,,,,,,,grant,27/06/2016
722,Turnixtanki,,,,,,,,,,,,,,,,,,,,,,,,,,,,,,,,,,,,,,,,,,,,,,,,,,,,,,,,,,,,,,,,,,,,grant,27/06/2016
723,Turnixvarius,,,,,,,,,,,,,,,,,,,,,,,,,,,,,,,,,,,,,,,,,,,,,,,,,,,,,,,,,,,,,,,,,,,,grant,27/06/2016
724,Turnixvelox,,,,,,,,,,,,,,,,,,,,,,,,,,,,,,,,,,,,,,,,,,,,,,,,,,,,,,,,,,,,,,,,,,,,grant,27/06/2016
725,Turnixworcesteri,,,,,,,,,,,,,,,,,,,,,,,,,,,,,,,,,,,,,,,,,,,,,,,,,,,,,,,,,,,,,,,,,,,,grant,27/06/2016
