nlid,species_id,nest_location_id,nest_location,cite_id,username,dt
1,Aethia cristatella,1,Cr,citation311,grant,7/17/2016
2,Aethia psittacula,1,O,citation311,grant,7/17/2016
3,Aethia pusilla,1,Cr,citation311,grant,7/17/2016
4,Aethia pygmaea,1,Cr,citation311,grant,7/17/2016
5,Alca torda,1,Cr,citation311,grant,7/17/2016
6,Alca torda,2,Cl,citation311,grant,7/17/2016
7,Alle alle,1,Cl,citation311,grant,7/17/2016
8,Alle alle,2,Cr,citation311,grant,7/17/2016
9,Brachyramphus brevirostris,1,O,citation311,grant,7/17/2016
10,Brachyramphus marmoratus,1,T,citation311,grant,7/17/2016
11,Brachyramphus perdix,1,T,citation311,grant,7/17/2016
12,Cepphus carbo,1,unknown,citation311,grant,7/17/2016
13,Cepphus columba,1,Cr,citation311,grant,7/17/2016
14,Cepphus columba,2,Bu,citation311,grant,7/17/2016
15,Cepphus grylle,1,Bu,citation311,grant,7/17/2016
16,Cepphus grylle,2,O,citation311,grant,7/17/2016
17,Cerorhinca monocerata,1,Bu,citation311,grant,7/17/2016
18,Fratercula arctica,1,Bu,citation311,grant,7/17/2016
19,Fratercula cirrhata,1,Bu,citation311,grant,7/17/2016
20,Fratercula corniculata,1,Bu,citation311,grant,7/17/2016
21,Pinguinus impennis,1,O,citation311,grant,7/17/2016
22,Ptychoramphus aleuticus,1,Bu,citation311,grant,7/17/2016
23,Ptychoramphus aleuticus,2,Cr,citation311,grant,7/17/2016
24,Synthliboramphus antiquus,1,Bu,citation311,grant,7/17/2016
25,Synthliboramphus antiquus,2,O,citation311,grant,7/17/2016
26,Synthliboramphus craveri,1,Cr,citation311,grant,7/17/2016
27,Synthliboramphus hypoleucus,1,Cr,citation311,grant,7/17/2016
28,Synthliboramphus scrippsi,1,unknown,citation311,grant,7/17/2016
29,Synthliboramphus wumizusume,1,Cr,citation311,grant,7/17/2016
30,Synthliboramphus wumizusume,2,Bu,citation311,grant,7/17/2016
31,Uria aalge,1,Cl,citation311,grant,7/17/2016
32,Uria lomvia,1,Cl,citation311,grant,7/17/2016
33,Uria lomvia,2,Cr,citation311,grant,7/17/2016
34,Anhinga anhinga,1,unknown,citation311,grant,7/17/2016
35,Anhinga melanogaster,1,unknown,citation311,grant,7/17/2016
36,Anhinga novaehollandiae,1,unknown,citation311,grant,7/17/2016
37,Anhinga rufa,1,unknown,citation311,grant,7/17/2016
38,Agamia agami,1,unknown,citation311,grant,7/17/2016
39,Ardea alba,1,unknown,citation311,grant,7/17/2016
40,Ardea brachyrhyncha,1,unknown,citation311,grant,7/17/2016
41,Ardea cinerea,1,unknown,citation311,grant,7/17/2016
42,Ardea cocoi,1,unknown,citation311,grant,7/17/2016
43,Ardea goliath,1,unknown,citation311,grant,7/17/2016
44,Ardea herodias,1,unknown,citation311,grant,7/17/2016
45,Ardea humbloti,1,unknown,citation311,grant,7/17/2016
46,Ardea insignis,1,unknown,citation311,grant,7/17/2016
47,Ardea intermedia,1,unknown,citation311,grant,7/17/2016
48,Ardea melanocephala,1,unknown,citation311,grant,7/17/2016
49,Ardea pacifica,1,unknown,citation311,grant,7/17/2016
50,Ardea plumifera,1,unknown,citation311,grant,7/17/2016
51,Ardea purpurea,1,unknown,citation311,grant,7/17/2016
52,Ardea sumatrana,1,unknown,citation311,grant,7/17/2016
53,Ardeola bacchus,1,unknown,citation311,grant,7/17/2016
54,Ardeola grayii,1,unknown,citation311,grant,7/17/2016
55,Ardeola idae,1,unknown,citation311,grant,7/17/2016
56,Ardeola ralloides,1,unknown,citation311,grant,7/17/2016
57,Ardeola rufiventris,1,unknown,citation311,grant,7/17/2016
58,Ardeola speciosa,1,unknown,citation311,grant,7/17/2016
59,Botaurus lentiginosus,1,unknown,citation311,grant,7/17/2016
60,Botaurus pinnatus,1,unknown,citation311,grant,7/17/2016
61,Botaurus poiciloptilus,1,unknown,citation311,grant,7/17/2016
62,Botaurus stellaris,1,unknown,citation311,grant,7/17/2016
63,Bubulcus ibis,1,unknown,citation311,grant,7/17/2016
64,Butorides striata,1,unknown,citation311,grant,7/17/2016
65,Calherodius leuconotus,1,unknown,citation311,grant,7/17/2016
66,Cochlearius cochlearius,1,unknown,citation311,grant,7/17/2016
67,Egretta ardesiaca,1,unknown,citation311,grant,7/17/2016
68,Egretta caerulea,1,unknown,citation311,grant,7/17/2016
69,Egretta eulophotes,1,unknown,citation311,grant,7/17/2016
70,Egretta garzetta,1,unknown,citation311,grant,7/17/2016
71,Egretta gularis,1,unknown,citation311,grant,7/17/2016
72,Egretta novaehollandiae,1,unknown,citation311,grant,7/17/2016
73,Egretta picata,1,unknown,citation311,grant,7/17/2016
74,Egretta rufescens,1,unknown,citation311,grant,7/17/2016
75,Egretta sacra,1,unknown,citation311,grant,7/17/2016
76,Egretta thula,1,unknown,citation311,grant,7/17/2016
77,Egretta tricolor,1,unknown,citation311,grant,7/17/2016
78,Egretta vinaceigula,1,unknown,citation311,grant,7/17/2016
79,Gorsachius goisagi,1,unknown,citation311,grant,7/17/2016
80,Gorsachius magnificus,1,unknown,citation311,grant,7/17/2016
81,Gorsachius melanolophus,1,unknown,citation311,grant,7/17/2016
82,Ixobrychus cinnamomeus,1,unknown,citation311,grant,7/17/2016
83,Ixobrychus dubius,1,unknown,citation311,grant,7/17/2016
84,Ixobrychus eurhythmus,1,unknown,citation311,grant,7/17/2016
85,Ixobrychus exilis,1,unknown,citation311,grant,7/17/2016
86,Ixobrychus flavicollis,1,unknown,citation311,grant,7/17/2016
87,Ixobrychus involucris,1,unknown,citation311,grant,7/17/2016
88,Ixobrychus minutus,1,unknown,citation311,grant,7/17/2016
89,Ixobrychus novaezelandiae,1,unknown,citation311,grant,7/17/2016
90,Ixobrychus sinensis,1,unknown,citation311,grant,7/17/2016
91,Ixobrychus sturmii,1,unknown,citation311,grant,7/17/2016
92,Nyctanassa carcinocatactes,1,unknown,citation311,grant,7/17/2016
93,Nyctanassa violacea,1,unknown,citation311,grant,7/17/2016
94,Nycticorax caledonicus,1,unknown,citation311,grant,7/17/2016
95,Nycticorax duboisi,1,unknown,citation311,grant,7/17/2016
96,Nycticorax mauritianus,1,unknown,citation311,grant,7/17/2016
97,Nycticorax megacephalus,1,unknown,citation311,grant,7/17/2016
98,Nycticorax nycticorax,1,unknown,citation311,grant,7/17/2016
99,Pilherodius pileatus,1,unknown,citation311,grant,7/17/2016
100,Syrigma sibilatrix,1,unknown,citation311,grant,7/17/2016
101,Tigriornis leucolopha,1,unknown,citation311,grant,7/17/2016
102,Tigrisoma fasciatum,1,unknown,citation311,grant,7/17/2016
103,Tigrisoma lineatum,1,unknown,citation311,grant,7/17/2016
104,Tigrisoma mexicanum,1,unknown,citation311,grant,7/17/2016
105,Zebrilus undulatus,1,unknown,citation311,grant,7/17/2016
106,Zonerodius heliosylus,1,unknown,citation311,grant,7/17/2016
107,Balaeniceps rex,1,unknown,citation311,grant,7/17/2016
108,Burhinus bistriatus,1,unknown,citation311,grant,7/17/2016
109,Burhinus capensis,1,unknown,citation311,grant,7/17/2016
110,Burhinus grallarius,1,unknown,citation311,grant,7/17/2016
111,Burhinus indicus,1,unknown,citation311,grant,7/17/2016
112,Burhinus oedicnemus,1,unknown,citation311,grant,7/17/2016
113,Burhinus senegalensis,1,unknown,citation311,grant,7/17/2016
114,Burhinus superciliaris,1,unknown,citation311,grant,7/17/2016
115,Burhinus vermiculatus,1,unknown,citation311,grant,7/17/2016
116,Esacus magnirostris,1,unknown,citation311,grant,7/17/2016
117,Esacus recurvirostris,1,unknown,citation311,grant,7/17/2016
118,Anarhynchus frontalis,1,unknown,citation311,grant,7/17/2016
119,Charadrius alexandrinus,1,unknown,citation311,grant,7/17/2016
120,Charadrius alticola,1,unknown,citation311,grant,7/17/2016
121,Charadrius aquilonius,1,unknown,citation311,grant,7/17/2016
122,Charadrius asiaticus,1,unknown,citation311,grant,7/17/2016
123,Charadrius bicinctus,1,unknown,citation311,grant,7/17/2016
124,Charadrius bifrontatus,1,unknown,citation311,grant,7/17/2016
125,Charadrius collaris,1,unknown,citation311,grant,7/17/2016
126,Charadrius dealbatus,1,unknown,citation311,grant,7/17/2016
127,Charadrius dubius,1,unknown,citation311,grant,7/17/2016
128,Charadrius falklandicus,1,unknown,citation311,grant,7/17/2016
129,Charadrius forbesi,1,unknown,citation311,grant,7/17/2016
130,Charadrius hiaticula,1,unknown,citation311,grant,7/17/2016
131,Charadrius javanicus,1,unknown,citation311,grant,7/17/2016
132,Charadrius leschenaultii,1,unknown,citation311,grant,7/17/2016
133,Charadrius marginatus,1,unknown,citation311,grant,7/17/2016
134,Charadrius melodus,1,unknown,citation311,grant,7/17/2016
135,Charadrius modestus,1,unknown,citation311,grant,7/17/2016
136,Charadrius mongolus,1,unknown,citation311,grant,7/17/2016
137,Charadrius montanus,1,unknown,citation311,grant,7/17/2016
138,Charadrius nivosus,1,unknown,citation311,grant,7/17/2016
139,Charadrius obscurus,1,unknown,citation311,grant,7/17/2016
140,Charadrius pallidus,1,unknown,citation311,grant,7/17/2016
141,Charadrius pecuarius,1,unknown,citation311,grant,7/17/2016
142,Charadrius peronii,1,unknown,citation311,grant,7/17/2016
143,Charadrius placidus,1,unknown,citation311,grant,7/17/2016
144,Charadrius ruficapillus,1,unknown,citation311,grant,7/17/2016
145,Charadrius sanctaehelenae,1,unknown,citation311,grant,7/17/2016
146,Charadrius semipalmatus,1,unknown,citation311,grant,7/17/2016
147,Charadrius thoracicus,1,unknown,citation311,grant,7/17/2016
148,Charadrius tricollaris,1,unknown,citation311,grant,7/17/2016
149,Charadrius veredus,1,unknown,citation311,grant,7/17/2016
150,Charadrius vociferus,1,unknown,citation311,grant,7/17/2016
151,Charadrius wilsonia,1,unknown,citation311,grant,7/17/2016
152,Elseyornis melanops,1,unknown,citation311,grant,7/17/2016
153,Erythrogonys cinctus,1,unknown,citation311,grant,7/17/2016
154,Eudromias morinellus,1,unknown,citation311,grant,7/17/2016
155,Hoploxypterus cayanus,1,unknown,citation311,grant,7/17/2016
156,Oreopholus ruficollis,1,unknown,citation311,grant,7/17/2016
157,Peltohyas australis,1,unknown,citation311,grant,7/17/2016
158,Phegornis mitchellii,1,unknown,citation311,grant,7/17/2016
159,Pluvialis apricaria,1,unknown,citation311,grant,7/17/2016
160,Pluvialis dominica,1,unknown,citation311,grant,7/17/2016
161,Pluvialis fulva,1,unknown,citation311,grant,7/17/2016
162,Pluvialis squatarola,1,unknown,citation311,grant,7/17/2016
163,Thinornis cucullatus,1,unknown,citation311,grant,7/17/2016
164,Thinornis novaeseelandiae,1,unknown,citation311,grant,7/17/2016
165,Vanellus albiceps,1,unknown,citation311,grant,7/17/2016
166,Vanellus armatus,1,unknown,citation311,grant,7/17/2016
167,Vanellus chilensis,1,unknown,citation311,grant,7/17/2016
168,Vanellus cinereus,1,unknown,citation311,grant,7/17/2016
169,Vanellus coronatus,1,unknown,citation311,grant,7/17/2016
170,Vanellus crassirostris,1,unknown,citation311,grant,7/17/2016
171,Vanellus duvaucelii,1,unknown,citation311,grant,7/17/2016
172,Vanellus gregarius,1,unknown,citation311,grant,7/17/2016
173,Vanellus indicus,1,unknown,citation311,grant,7/17/2016
174,Vanellus leucurus,1,unknown,citation311,grant,7/17/2016
175,Vanellus lugubris,1,unknown,citation311,grant,7/17/2016
176,Vanellus macropterus,1,unknown,citation311,grant,7/17/2016
177,Vanellus malarbaricus,1,unknown,citation311,grant,7/17/2016
178,Vanellus melanocephalus,1,unknown,citation311,grant,7/17/2016
179,Vanellus melanopterus,1,unknown,citation311,grant,7/17/2016
180,Vanellus miles,1,unknown,citation311,grant,7/17/2016
181,Vanellus novaehollandiae,1,unknown,citation311,grant,7/17/2016
182,Vanellus resplendens,1,unknown,citation311,grant,7/17/2016
183,Vanellus senegallus,1,unknown,citation311,grant,7/17/2016
184,Vanellus spinosus,1,unknown,citation311,grant,7/17/2016
185,Vanellus superciliosus,1,unknown,citation311,grant,7/17/2016
186,Vanellus tectus,1,unknown,citation311,grant,7/17/2016
187,Vanellus tricolor,1,unknown,citation311,grant,7/17/2016
188,Vanellus vanellus,1,unknown,citation311,grant,7/17/2016
189,Chionis albus,1,unknown,citation311,grant,7/17/2016
190,Chionis minor,1,unknown,citation311,grant,7/17/2016
191,Diomedea amsterdamensis,1,O,citation311,grant,7/17/2016
192,Diomedea antipodensis,1,O,citation311,grant,7/17/2016
193,Diomedea dabbenena,1,O,citation311,grant,7/17/2016
194,Diomedea epomophora,1,O,citation311,grant,7/17/2016
195,Diomedea epomophora,2,Sl,citation311,grant,7/17/2016
196,Diomedea exulans,1,O,citation311,grant,7/17/2016
197,Diomedea sanfordi,1,O,citation311,grant,7/17/2016
198,Phoebastria albatrus,1,O,citation311,grant,7/17/2016
199,Phoebastria albatrus,2,Sl,citation311,grant,7/17/2016
200,Phoebastria immutabilis,1,O,citation311,grant,7/17/2016
201,Phoebastria irrorata,1,O,citation311,grant,7/17/2016
202,Phoebastria irrorata,2,Sl,citation311,grant,7/17/2016
203,Phoebastria nigripes,1,O,citation311,grant,7/17/2016
204,Phoebetria fusca,1,Cl,citation311,grant,7/17/2016
205,Phoebetria fusca,2,Sl,citation311,grant,7/17/2016
206,Phoebetria palpebrata,1,O,citation311,grant,7/17/2016
207,Phoebetria palpebrata,2,Cl,citation311,grant,7/17/2016
208,Phoebetria palpebrata,3,Sl,citation311,grant,7/17/2016
209,Thalassarche bulleri,1,O,citation311,grant,7/17/2016
210,Thalassarche bulleri,2,Sl,citation311,grant,7/17/2016
211,Thalassarche carteri,1,O,citation311,grant,7/17/2016
212,Thalassarche carteri,2,Sl,citation311,grant,7/17/2016
213,Thalassarche cauta,1,O,citation311,grant,7/17/2016
214,Thalassarche cauta,2,Sl,citation311,grant,7/17/2016
215,Thalassarche cauta,3,Cl,citation311,grant,7/17/2016
216,Thalassarche chlororhynchos,1,O,citation311,grant,7/17/2016
217,Thalassarche chlororhynchos,2,Cl,citation311,grant,7/17/2016
218,Thalassarche chlororhynchos,3,Sl,citation311,grant,7/17/2016
219,Thalassarche chrysostoma,1,O,citation311,grant,7/17/2016
220,Thalassarche eremita,1,unknown,citation311,grant,7/17/2016
221,Thalassarche impavida,1,unknown,citation311,grant,7/17/2016
222,Thalassarche melanophris,1,O,citation311,grant,7/17/2016
223,Thalassarche melanophris,2,Sl,citation311,grant,7/17/2016
224,Thalassarche salvini,1,unknown,citation311,grant,7/17/2016
225,Thalassarche steadi,1,unknown,citation311,grant,7/17/2016
226,Dromas ardeola,1,unknown,citation311,grant,7/17/2016
227,Fregata andrewsi,1,T,citation311,grant,7/17/2016
228,Fregata aquila,1,O,citation311,grant,7/17/2016
229,Fregata ariel,1,T,citation311,grant,7/17/2016
230,Fregata magnificens,1,T,citation311,grant,7/17/2016
231,Fregata minor,1,T,citation311,grant,7/17/2016
232,Cursorius coromandelicus,1,unknown,citation311,grant,7/17/2016
233,Cursorius cursor,1,unknown,citation311,grant,7/17/2016
234,Cursorius rufus,1,unknown,citation311,grant,7/17/2016
235,Cursorius somalensis,1,unknown,citation311,grant,7/17/2016
236,Cursorius temminckii,1,unknown,citation311,grant,7/17/2016
237,Glareola cinerea,1,unknown,citation311,grant,7/17/2016
238,Glareola lactea,1,unknown,citation311,grant,7/17/2016
239,Glareola maldivarum,1,unknown,citation311,grant,7/17/2016
240,Glareola nordmanni,1,unknown,citation311,grant,7/17/2016
241,Glareola nuchalis,1,unknown,citation311,grant,7/17/2016
242,Glareola ocularis,1,unknown,citation311,grant,7/17/2016
243,Glareola pratincola,1,unknown,citation311,grant,7/17/2016
244,Rhinoptilus bitorquatus,1,unknown,citation311,grant,7/17/2016
245,Rhinoptilus chalcopterus,1,unknown,citation311,grant,7/17/2016
246,Rhinoptilus cinctus,1,unknown,citation311,grant,7/17/2016
247,Smutsornis africanus,1,unknown,citation311,grant,7/17/2016
248,Stiltia isabella,1,unknown,citation311,grant,7/17/2016
249,Haematopus ater,1,unknown,citation311,grant,7/17/2016
250,Haematopus chathamensis,1,unknown,citation311,grant,7/17/2016
251,Haematopus fuliginosus,1,unknown,citation311,grant,7/17/2016
252,Haematopus leucopodus,1,unknown,citation311,grant,7/17/2016
253,Haematopus longirostris,1,unknown,citation311,grant,7/17/2016
254,Haematopus meadewaldoi,1,unknown,citation311,grant,7/17/2016
255,Haematopus moquini,1,unknown,citation311,grant,7/17/2016
256,Haematopus ostralegus,1,unknown,citation311,grant,7/17/2016
257,Haematopus palliatus,1,unknown,citation311,grant,7/17/2016
258,Haematopus unicolor,1,unknown,citation311,grant,7/17/2016
259,Hydrobates castro,1,Cr,citation311,grant,7/17/2016
260,Hydrobates castro,2,Bu,citation311,grant,7/17/2016
261,Hydrobates furcatus,1,Bu,citation311,grant,7/17/2016
262,Hydrobates furcatus,2,Cr,citation311,grant,7/17/2016
263,Hydrobates homochroa,1,Cr,citation311,grant,7/17/2016
264,Hydrobates hornbyi,1,unknown,citation311,grant,7/17/2016
265,Hydrobates leucorhous,1,Bu,citation311,grant,7/17/2016
266,Hydrobates leucorhous,2,Cr,citation311,grant,7/17/2016
267,Hydrobates macrodactylus,1,unknown,citation311,grant,7/17/2016
268,Hydrobates markhami,1,unknown,citation311,grant,7/17/2016
269,Hydrobates matsudairae,1,Bu,citation311,grant,7/17/2016
270,Hydrobates melania,1,Bu,citation311,grant,7/17/2016
271,Hydrobates melania,2,Cr,citation311,grant,7/17/2016
272,Hydrobates microsoma,1,Cr,citation311,grant,7/17/2016
273,Hydrobates monorhis,1,Bu,citation311,grant,7/17/2016
274,Hydrobates monteiroi,1,Cr,citation311,grant,7/17/2016
275,Hydrobates monteiroi,2,Bu,citation311,grant,7/17/2016
276,Hydrobates pelagicus,1,Cr,citation311,grant,7/17/2016
277,Hydrobates tethys,1,Cr,citation311,grant,7/17/2016
278,Hydrobates tethys,2,Un,citation311,grant,7/17/2016
279,Hydrobates tristrami,1,Bu,citation311,grant,7/17/2016
280,Hydrobates tristrami,2,Cr,citation311,grant,7/17/2016
281,Ibidorhyncha struthersii,1,unknown,citation311,grant,7/17/2016
282,Actophilornis africanus,1,unknown,citation311,grant,7/17/2016
283,Actophilornis albinucha,1,unknown,citation311,grant,7/17/2016
284,Hydrophasianus chirurgus,1,unknown,citation311,grant,7/17/2016
285,Irediparra gallinacea,1,unknown,citation311,grant,7/17/2016
286,Jacana jacana,1,unknown,citation311,grant,7/17/2016
287,Jacana spinosa,1,unknown,citation311,grant,7/17/2016
288,Metopidius indicus,1,unknown,citation311,grant,7/17/2016
289,Microparra capensis,1,unknown,citation311,grant,7/17/2016
290,Anous minutus,1,O,citation311,grant,7/17/2016
291,Anous minutus,2,Cr,citation311,grant,7/17/2016
292,Anous minutus,3,T,citation311,grant,7/17/2016
293,Anous stolidus,1,T,citation311,grant,7/17/2016
294,Anous stolidus,2,O,citation311,grant,7/17/2016
295,Anous tenuirostris,1,T,citation311,grant,7/17/2016
296,Chlidonias albostriatus,1,O,citation311,grant,7/17/2016
297,Chlidonias hybrida,1,F,citation311,grant,7/17/2016
298,Chlidonias leucopterus,1,unknown,citation311,grant,7/17/2016
299,Chlidonias niger,1,F,citation311,grant,7/17/2016
300,Creagrus furcatus,1,O,citation311,grant,7/17/2016
301,Creagrus furcatus,2,Cl,citation311,grant,7/17/2016
302,Gelochelidon macrotarsa,1,unknown,citation311,grant,7/17/2016
303,Gelochelidon nilotica,1,O,citation311,grant,7/17/2016
304,Gygis alba,1,T,citation311,grant,7/17/2016
305,Gygis microrhyncha,1,unknown,citation311,grant,7/17/2016
306,Hydrocoloeus minutus,1,O,citation311,grant,7/17/2016
307,Hydrocoloeus minutus,2,F,citation311,grant,7/17/2016
308,Hydroprogne caspia,1,O,citation311,grant,7/17/2016
309,Larosterna inca,1,Cl,citation311,grant,7/17/2016
310,Larosterna inca,2,Cr,citation311,grant,7/17/2016
311,Larus argentatus,1,Cl,citation311,grant,7/17/2016
312,Larus argentatus,2,O,citation311,grant,7/17/2016
313,Larus armenicus,1,unknown,citation311,grant,7/17/2016
314,Larus atlanticus,1,O,citation311,grant,7/17/2016
315,Larus atricilla,1,O,citation311,grant,7/17/2016
316,Larus atricilla,2,F,citation311,grant,7/17/2016
317,Larus audouinii,1,O,citation311,grant,7/17/2016
318,Larus belcheri,1,O,citation311,grant,7/17/2016
319,Larus brunnicephalus,1,unknown,citation311,grant,7/17/2016
320,Larus bulleri,1,unknown,citation311,grant,7/17/2016
321,Larus cachinnans,1,unknown,citation311,grant,7/17/2016
322,Larus californicus,1,O,citation311,grant,7/17/2016
323,Larus canus,1,O,citation311,grant,7/17/2016
324,Larus cirrocephalus,1,O,citation311,grant,7/17/2016
325,Larus cirrocephalus,2,F,citation311,grant,7/17/2016
326,Larus crassirostris,1,O,citation311,grant,7/17/2016
327,Larus delawarensis,1,O,citation311,grant,7/17/2016
328,Larus dominicanus,1,O,citation311,grant,7/17/2016
329,Larus fuliginosus,1,O,citation311,grant,7/17/2016
330,Larus fuscus,1,O,citation311,grant,7/17/2016
331,Larus fuscus,2,Cl,citation311,grant,7/17/2016
332,Larus genei,1,O,citation311,grant,7/17/2016
333,Larus glaucescens,1,O,citation311,grant,7/17/2016
334,Larus glaucoides,1,Cl,citation311,grant,7/17/2016
335,Larus glaucoides,2,O,citation311,grant,7/17/2016
336,Larus hartlaubii,1,unknown,citation311,grant,7/17/2016
337,Larus heermanni,1,O,citation311,grant,7/17/2016
338,Larus hemprichii,1,O,citation311,grant,7/17/2016
339,Larus hyperboreus,1,O,citation311,grant,7/17/2016
340,Larus ichthyaetus,1,unknown,citation311,grant,7/17/2016
341,Larus leucophthalmus,1,O,citation311,grant,7/17/2016
342,Larus livens,1,O,citation311,grant,7/17/2016
343,Larus maculipennis,1,unknown,citation311,grant,7/17/2016
344,Larus marinus,1,O,citation311,grant,7/17/2016
345,Larus melanocephalus,1,O,citation311,grant,7/17/2016
346,Larus michahellis,1,unknown,citation311,grant,7/17/2016
347,Larus modestus,1,O,citation311,grant,7/17/2016
348,Larus novaehollandiae,1,unknown,citation311,grant,7/17/2016
349,Larus occidentalis,1,O,citation311,grant,7/17/2016
350,Larus occidentalis,2,Sl,citation311,grant,7/17/2016
351,Larus pacificus,1,O,citation311,grant,7/17/2016
352,Larus philadelphia,1,T,citation311,grant,7/17/2016
353,Larus pipixcan,1,F,citation311,grant,7/17/2016
354,Larus relictus,1,O,citation311,grant,7/17/2016
355,Larus ridibundus,1,O,citation311,grant,7/17/2016
356,Larus ridibundus,2,F,citation311,grant,7/17/2016
357,Larus schistisagus,1,unknown,citation311,grant,7/17/2016
358,Larus scopulinus,1,O,citation311,grant,7/17/2016
359,Larus scoresbii,1,O,citation311,grant,7/17/2016
360,Larus serranus,1,O,citation311,grant,7/17/2016
361,Larus smithsonianus,1,unknown,citation311,grant,7/17/2016
362,Larus thayeri,1,Cl,citation311,grant,7/17/2016
363,Onychoprion aleuticus,1,O,citation311,grant,7/17/2016
364,Onychoprion anaethetus,1,Cr,citation311,grant,7/17/2016
365,Onychoprion anaethetus,2,Un,citation311,grant,7/17/2016
366,Onychoprion anaethetus,3,O,citation311,grant,7/17/2016
367,Onychoprion fuscatus,1,O,citation311,grant,7/17/2016
368,Onychoprion lunatus,1,O,citation311,grant,7/17/2016
369,Pagophila eburnea,1,O,citation311,grant,7/17/2016
370,Pagophila eburnea,2,Cl,citation311,grant,7/17/2016
371,Phaetusa simplex,1,O,citation311,grant,7/17/2016
372,Procelsterna albivitta,1,unknown,citation311,grant,7/17/2016
373,Procelsterna cerulea,1,Cl,citation311,grant,7/17/2016
374,Procelsterna cerulea,2,Sl,citation311,grant,7/17/2016
375,Procelsterna cerulea,3,Cr,citation311,grant,7/17/2016
376,Rhodostethia rosea,1,O,citation311,grant,7/17/2016
377,Rissa brevirostris,1,Cl,citation311,grant,7/17/2016
378,Rissa tridactyla,1,Cl,citation311,grant,7/17/2016
379,Rynchops albicollis,1,unknown,citation311,grant,7/17/2016
380,Rynchops flavirostris,1,unknown,citation311,grant,7/17/2016
381,Rynchops niger,1,O,citation311,grant,7/17/2016
382,Saundersilarus saundersi,1,O,citation311,grant,7/17/2016
383,Sterna acuticauda,1,O,citation311,grant,7/17/2016
384,Sterna aurantia,1,O,citation311,grant,7/17/2016
385,Sterna dougallii,1,O,citation311,grant,7/17/2016
386,Sterna forsteri,1,O,citation311,grant,7/17/2016
387,Sterna forsteri,2,F,citation311,grant,7/17/2016
388,Sterna hirundinacea,1,O,citation311,grant,7/17/2016
389,Sterna hirundo,1,O,citation311,grant,7/17/2016
390,Sterna paradisaea,1,O,citation311,grant,7/17/2016
391,Sterna repressa,1,O,citation311,grant,7/17/2016
392,Sterna striata,1,O,citation311,grant,7/17/2016
393,Sterna sumatrana,1,O,citation311,grant,7/17/2016
394,Sterna trudeaui,1,F,citation311,grant,7/17/2016
395,Sterna virgata,1,O,citation311,grant,7/17/2016
396,Sterna vittata,1,O,citation311,grant,7/17/2016
397,Sternula albifrons,1,O,citation311,grant,7/17/2016
398,Sternula antillarum,1,O,citation311,grant,7/17/2016
399,Sternula balaenarum,1,O,citation311,grant,7/17/2016
400,Sternula lorata,1,O,citation311,grant,7/17/2016
401,Sternula nereis,1,unknown,citation311,grant,7/17/2016
402,Sternula saundersi,1,unknown,citation311,grant,7/17/2016
403,Sternula superciliaris,1,O,citation311,grant,7/17/2016
404,Thalasseus bengalensis,1,unknown,citation311,grant,7/17/2016
405,Thalasseus bergii,1,unknown,citation311,grant,7/17/2016
406,Thalasseus bernsteini,1,unknown,citation311,grant,7/17/2016
407,Thalasseus elegans,1,O,citation311,grant,7/17/2016
408,Thalasseus maximus,1,unknown,citation311,grant,7/17/2016
409,Thalasseus sandvicensis acuflavida,1,O,citation311,grant,7/17/2016
410,Thalasseus sandvicensis eurygnatha,1,O,citation311,grant,7/17/2016
411,Xema sabini,1,O,citation311,grant,7/17/2016
412,Fregetta grallaria,1,Cr,citation311,grant,7/17/2016
413,Fregetta grallaria,2,Bu,citation311,grant,7/17/2016
414,Fregetta maoriana,1,unknown,citation311,grant,7/17/2016
415,Fregetta tropica,1,Cr,citation311,grant,7/17/2016
416,Garrodia nereis,1,Un,citation311,grant,7/17/2016
417,Nesofregetta fuliginosa,1,Un,citation311,grant,7/17/2016
418,Nesofregetta fuliginosa,2,Cr,citation311,grant,7/17/2016
419,Oceanites gracilis,1,unknown,citation311,grant,7/17/2016
420,Oceanites gracilis galapagoensis,1,unknown,citation311,grant,7/17/2016
421,Oceanites oceanicus,1,Bu,citation311,grant,7/17/2016
422,Oceanites oceanicus,2,Cr,citation311,grant,7/17/2016
423,Oceanites oceanicus chilensis,1,unknown,citation311,grant,7/17/2016
424,Oceanites oceanicus exasperatus,1,unknown,citation311,grant,7/17/2016
425,Oceanites oceanicus oceanicus,1,unknown,citation311,grant,7/17/2016
426,Oceanites pincoyae,1,unknown,citation311,grant,7/17/2016
427,Pelagodroma marina,1,Bu,citation311,grant,7/17/2016
428,Pedionomus torquatus,1,unknown,citation311,grant,7/17/2016
429,Pelecanus conspicillatus,1,O,citation311,grant,7/17/2016
430,Pelecanus crispus,1,O,citation311,grant,7/17/2016
431,Pelecanus erythrorhynchos,1,O,citation311,grant,7/17/2016
432,Pelecanus occidentalis,1,O,citation311,grant,7/17/2016
433,Pelecanus occidentalis,2,T,citation311,grant,7/17/2016
434,Pelecanus onocrotalus,1,O,citation311,grant,7/17/2016
435,Pelecanus philippensis,1,T,citation311,grant,7/17/2016
436,Pelecanus rufescens,1,O,citation311,grant,7/17/2016
437,Pelecanus rufescens,2,T,citation311,grant,7/17/2016
438,Pelecanus thagus,1,unknown,citation311,grant,7/17/2016
439,Phaethon aethereus,1,Un,citation311,grant,7/17/2016
440,Phaethon aethereus,2,Cr,citation311,grant,7/17/2016
441,Phaethon lepturus,1,Un,citation311,grant,7/17/2016
442,Phaethon lepturus,2,Cr,citation311,grant,7/17/2016
443,Phaethon rubricauda,1,Un,citation311,grant,7/17/2016
444,Phaethon rubricauda,2,Cr,citation311,grant,7/17/2016
445,Microcarbo africanus,1,O,citation311,grant,7/17/2016
446,Microcarbo africanus,2,T,citation311,grant,7/17/2016
447,Microcarbo coronatus,1,O,citation311,grant,7/17/2016
448,Microcarbo coronatus,2,T,citation311,grant,7/17/2016
449,Microcarbo melanoleucos,1,T,citation311,grant,7/17/2016
450,Microcarbo melanoleucos,2,O,citation311,grant,7/17/2016
451,Microcarbo niger,1,T,citation311,grant,7/17/2016
452,Microcarbo pygmaeus,1,T,citation311,grant,7/17/2016
453,Phalacrocorax bransfieldensis,1,O,citation311,grant,7/17/2016
454,Phalacrocorax bransfieldensis,2,Sl,citation311,grant,7/17/2016
455,Phalacrocorax bransfieldensis,3,Cl,citation311,grant,7/17/2016
456,Phalacrocorax georgianus,1,O,citation311,grant,7/17/2016
457,Phalacrocorax georgianus,2,Sl,citation311,grant,7/17/2016
458,Phalacrocorax georgianus,3,Cl,citation311,grant,7/17/2016
459,Phalacrocorax aristotelis,1,Cl,citation311,grant,7/17/2016
460,Phalacrocorax aristotelis,2,O,citation311,grant,7/17/2016
461,Phalacrocorax atriceps,1,O,citation311,grant,7/17/2016
462,Phalacrocorax atriceps,2,Cl,citation311,grant,7/17/2016
463,Phalacrocorax auritus,1,O,citation311,grant,7/17/2016
464,Phalacrocorax auritus,2,Cl,citation311,grant,7/17/2016
465,Phalacrocorax auritus,3,T,citation311,grant,7/17/2016
466,Phalacrocorax bougainvilliorum,1,Sl,citation311,grant,7/17/2016
467,Phalacrocorax bougainvilliorum,2,O,citation311,grant,7/17/2016
468,Phalacrocorax brasilianus,1,T,citation311,grant,7/17/2016
469,Phalacrocorax brasilianus,2,O,citation311,grant,7/17/2016
470,Phalacrocorax campbelli,1,O,citation311,grant,7/17/2016
471,Phalacrocorax campbelli,2,Cl,citation311,grant,7/17/2016
472,Phalacrocorax campbelli,3,Cr,citation311,grant,7/17/2016
473,Phalacrocorax capensis,1,Cl,citation311,grant,7/17/2016
474,Phalacrocorax capensis,2,O,citation311,grant,7/17/2016
475,Phalacrocorax capensis,3,T,citation311,grant,7/17/2016
476,Phalacrocorax capillatus,1,Cl,citation311,grant,7/17/2016
477,Phalacrocorax carbo,1,O,citation311,grant,7/17/2016
478,Phalacrocorax carbo,2,T,citation311,grant,7/17/2016
479,Phalacrocorax carbo,3,Cl,citation311,grant,7/17/2016
480,Phalacrocorax carunculatus,1,O,citation311,grant,7/17/2016
481,Phalacrocorax carunculatus,2,Sl,citation311,grant,7/17/2016
482,Phalacrocorax chalconotus,1,O,citation311,grant,7/17/2016
483,Phalacrocorax chalconotus,2,Sl,citation311,grant,7/17/2016
484,Phalacrocorax colensoi,1,O,citation311,grant,7/17/2016
485,Phalacrocorax colensoi,2,Cl,citation311,grant,7/17/2016
486,Phalacrocorax featherstoni,1,Cl,citation311,grant,7/17/2016
487,Phalacrocorax fuscescens,1,O,citation311,grant,7/17/2016
488,Phalacrocorax fuscescens,2,Cl,citation311,grant,7/17/2016
489,Phalacrocorax fuscicollis,1,T,citation311,grant,7/17/2016
490,Phalacrocorax gaimardi,1,Cl,citation311,grant,7/17/2016
491,Phalacrocorax harrisi,1,O,citation311,grant,7/17/2016
492,Phalacrocorax magellanicus,1,Cl,citation311,grant,7/17/2016
493,Phalacrocorax neglectus,1,O,citation311,grant,7/17/2016
494,Phalacrocorax neglectus,2,Cl,citation311,grant,7/17/2016
495,Phalacrocorax nigrogularis,1,unknown,citation311,grant,7/17/2016
496,Phalacrocorax onslowi,1,O,citation311,grant,7/17/2016
497,Phalacrocorax onslowi,2,Sl,citation311,grant,7/17/2016
498,Phalacrocorax onslowi,3,Cl,citation311,grant,7/17/2016
499,Phalacrocorax pelagicus,1,O,citation311,grant,7/17/2016
500,Phalacrocorax pelagicus,2,Cr,citation311,grant,7/17/2016
501,Phalacrocorax penicillatus,1,O,citation311,grant,7/17/2016
502,Phalacrocorax perspicillatus,1,unknown,citation311,grant,7/17/2016
503,Phalacrocorax punctatus,1,Cl,citation311,grant,7/17/2016
504,Phalacrocorax punctatus,2,Sl,citation311,grant,7/17/2016
505,Phalacrocorax ranfurlyi,1,Cl,citation311,grant,7/17/2016
506,Phalacrocorax sulcirostris,1,T,citation311,grant,7/17/2016
507,Phalacrocorax urile,1,Cl,citation311,grant,7/17/2016
508,Phalacrocorax urile,2,Sl,citation311,grant,7/17/2016
509,Phalacrocorax varius,1,O,citation311,grant,7/17/2016
510,Phalacrocorax verrucosus,1,Cl,citation311,grant,7/17/2016
511,Pluvianellus socialis,1,unknown,citation311,grant,7/17/2016
512,Pluvianus aegyptius,1,unknown,citation311,grant,7/17/2016
513,Aphrodroma brevirostris,1,Bu,citation311,grant,7/17/2016
514,Ardenna bulleri,1,Bu,citation311,grant,7/17/2016
515,Ardenna carneipes,1,Bu,citation311,grant,7/17/2016
516,Ardenna carneipes,2,Sl,citation311,grant,7/17/2016
517,Ardenna creatopus,1,Bu,citation311,grant,7/17/2016
518,Ardenna gravis,1,Bu,citation311,grant,7/17/2016
519,Ardenna gravis,2,Cr,citation311,grant,7/17/2016
520,Ardenna grisea,1,Bu,citation311,grant,7/17/2016
521,Ardenna pacifica,1,Bu,citation311,grant,7/17/2016
522,Ardenna tenuirostris,1,Bu,citation311,grant,7/17/2016
523,Bulweria bifax,1,unknown,citation311,grant,7/17/2016
524,Bulweria bulwerii,1,Cr,citation311,grant,7/17/2016
525,Bulweria fallax,1,unknown,citation311,grant,7/17/2016
526,Calonectris borealis,1,Bu,citation311,grant,7/17/2016
527,Calonectris borealis,2,Cr,citation311,grant,7/17/2016
528,Calonectris diomedea,1,Bu,citation311,grant,7/17/2016
529,Calonectris diomedea,2,Cr,citation311,grant,7/17/2016
530,Calonectris edwardsii,1,Bu,citation311,grant,7/17/2016
531,Calonectris edwardsii,2,Cr,citation311,grant,7/17/2016
532,Calonectris leucomelas,1,unknown,citation311,grant,7/17/2016
533,Daption capense,1,Cl,citation311,grant,7/17/2016
534,Daption capense,2,O,citation311,grant,7/17/2016
535,Fulmarus glacialis,1,O,citation311,grant,7/17/2016
536,Fulmarus glacialis,2,Cl,citation311,grant,7/17/2016
537,Fulmarus glacialoides,1,Sl,citation311,grant,7/17/2016
538,Fulmarus glacialoides,2,Cl,citation311,grant,7/17/2016
539,Halobaena caerulea,1,Bu,citation311,grant,7/17/2016
540,Halobaena caerulea,2,Sl,citation311,grant,7/17/2016
541,Macronectes giganteus,1,O,citation311,grant,7/17/2016
542,Macronectes halli,1,O,citation311,grant,7/17/2016
543,Macronectes halli,2,Sl,citation311,grant,7/17/2016
544,Pachyptila belcheri,1,Bu,citation311,grant,7/17/2016
545,Pachyptila crassirostris,1,Bu,citation311,grant,7/17/2016
546,Pachyptila crassirostris,2,Cr,citation311,grant,7/17/2016
547,Pachyptila desolata,1,Bu,citation311,grant,7/17/2016
548,Pachyptila desolata,2,Cr,citation311,grant,7/17/2016
549,Pachyptila salvini,1,Bu,citation311,grant,7/17/2016
550,Pachyptila salvini,2,Cr,citation311,grant,7/17/2016
551,Pachyptila turtur,1,Bu,citation311,grant,7/17/2016
552,Pachyptila turtur,2,Cr,citation311,grant,7/17/2016
553,Pachyptila vittata,1,Bu,citation311,grant,7/17/2016
554,Pagodroma nivea,1,Cl,citation311,grant,7/17/2016
555,Pagodroma nivea,2,Cr,citation311,grant,7/17/2016
556,Pelecanoides garnotii,1,Bu,citation311,grant,7/17/2016
557,Pelecanoides georgicus,1,Bu,citation311,grant,7/17/2016
558,Pelecanoides magellani,1,Bu,citation311,grant,7/17/2016
559,Pelecanoides urinatrix,1,Bu,citation311,grant,7/17/2016
560,Pelecanoides urinatrix,2,Sl,citation311,grant,7/17/2016
561,Pelecanoides urinatrix exsul,1,unknown,citation311,grant,7/17/2016
562,Procellaria aequinoctialis,1,Bu,citation311,grant,7/17/2016
563,Procellaria cinerea,1,Bu,citation311,grant,7/17/2016
564,Procellaria conspicillata,1,Bu,citation311,grant,7/17/2016
565,Procellaria parkinsoni,1,Bu,citation311,grant,7/17/2016
566,Procellaria westlandica,1,Bu,citation311,grant,7/17/2016
567,Pseudobulweria aterrima,1,Bu,citation311,grant,7/17/2016
568,Pseudobulweria aterrima,2,Cr,citation311,grant,7/17/2016
569,Pseudobulweria becki,1,unknown,citation311,grant,7/17/2016
570,Pseudobulweria macgillivrayi,1,unknown,citation311,grant,7/17/2016
571,Pseudobulweria rostrata,1,Bu,citation311,grant,7/17/2016
572,Pterdroma occulta,1,unknown,citation311,grant,7/17/2016
573,Pterodroma alba,1,Un,citation311,grant,7/17/2016
574,Pterodroma alba,2,Cr,citation311,grant,7/17/2016
575,Pterodroma arminjoniana,1,Bu,citation311,grant,7/17/2016
576,Pterodroma arminjoniana,2,Sl,citation311,grant,7/17/2016
577,Pterodroma atrata,1,unknown,citation311,grant,7/17/2016
578,Pterodroma axillaris,1,Sl,citation311,grant,7/17/2016
579,Pterodroma baraui,1,Bu,citation311,grant,7/17/2016
580,Pterodroma brevipes,1,Sl,citation311,grant,7/17/2016
581,Pterodroma brevipes,2,Cr,citation311,grant,7/17/2016
582,Pterodroma brevipes,3,Un,citation311,grant,7/17/2016
583,Pterodroma cahow,1,Bu,citation311,grant,7/17/2016
584,Pterodroma cahow,2,Cr,citation311,grant,7/17/2016
585,Pterodroma caribbaea,1,Bu,citation311,grant,7/17/2016
586,Pterodroma caribbaea,2,Cr,citation311,grant,7/17/2016
587,Pterodroma cervicalis,1,Bu,citation311,grant,7/17/2016
588,Pterodroma cookii,1,Bu,citation311,grant,7/17/2016
589,Pterodroma defilippiana,1,unknown,citation311,grant,7/17/2016
590,Pterodroma deserta,1,unknown,citation311,grant,7/17/2016
591,Pterodroma externa,1,Bu,citation311,grant,7/17/2016
592,Pterodroma feae,1,Bu,citation311,grant,7/17/2016
593,Pterodroma gouldi,1,unknown,citation311,grant,7/17/2016
594,Pterodroma hasitata,1,unknown,citation311,grant,7/17/2016
595,Pterodroma heraldica,1,Bu,citation311,grant,7/17/2016
596,Pterodroma heraldica,2,Sl,citation311,grant,7/17/2016
597,Pterodroma hypoleuca,1,Bu,citation311,grant,7/17/2016
598,Pterodroma incerta,1,unknown,citation311,grant,7/17/2016
599,Pterodroma inexpectata,1,Bu,citation311,grant,7/17/2016
600,Pterodroma inexpectata,2,Sl,citation311,grant,7/17/2016
601,Pterodroma lessonii,1,Bu,citation311,grant,7/17/2016
602,Pterodroma leucoptera,1,Cr,citation311,grant,7/17/2016
603,Pterodroma longirostris,1,unknown,citation311,grant,7/17/2016
604,Pterodroma macroptera,1,Bu,citation311,grant,7/17/2016
605,Pterodroma macroptera,2,Cr,citation311,grant,7/17/2016
606,Pterodroma macroptera,3,Un,citation311,grant,7/17/2016
607,Pterodroma madeira,1,unknown,citation311,grant,7/17/2016
608,Pterodroma magentae,1,Bu,citation311,grant,7/17/2016
609,Pterodroma magentae,2,Un,citation311,grant,7/17/2016
610,Pterodroma mollis,1,Bu,citation311,grant,7/17/2016
611,Pterodroma neglecta,1,O,citation311,grant,7/17/2016
612,Pterodroma nigripennis,1,Bu,citation311,grant,7/17/2016
613,Pterodroma phaeopygia,1,Bu,citation311,grant,7/17/2016
614,Pterodroma phaeopygia,2,Cr,citation311,grant,7/17/2016
615,Pterodroma pycrofti,1,Bu,citation311,grant,7/17/2016
616,Pterodroma rupinarum,1,unknown,citation311,grant,7/17/2016
617,Pterodroma sandwichensis,1,Bu,citation311,grant,7/17/2016
618,Pterodroma sandwichensis,2,Cr,citation311,grant,7/17/2016
619,Pterodroma solandri,1,Bu,citation311,grant,7/17/2016
620,Pterodroma ultima,1,unknown,citation311,grant,7/17/2016
621,Puffinus assimilis,1,Bu,citation311,grant,7/17/2016
622,Puffinus assimilis,2,Sl,citation311,grant,7/17/2016
623,Puffinus auricularis,1,Bu,citation311,grant,7/17/2016
624,Puffinus auricularis,2,Cr,citation311,grant,7/17/2016
625,Puffinus bailloni,1,unknown,citation311,grant,7/17/2016
626,Puffinus bannermani,1,unknown,citation311,grant,7/17/2016
627,Puffinus bryani,1,unknown,citation311,grant,7/17/2016
628,Puffinus elegans,1,unknown,citation311,grant,7/17/2016
629,Puffinus gavia,1,Bu,citation311,grant,7/17/2016
630,Puffinus heinrothi,1,unknown,citation311,grant,7/17/2016
631,Puffinus huttoni,1,Sl,citation311,grant,7/17/2016
632,Puffinus huttoni,2,Bu,citation311,grant,7/17/2016
633,Puffinus lherminieri,1,unknown,citation311,grant,7/17/2016
634,Puffinus mauretanicus,1,Cr,citation311,grant,7/17/2016
635,Puffinus mauretanicus,2,Un,citation311,grant,7/17/2016
636,Puffinus nativitatis,1,Cr,citation311,grant,7/17/2016
637,Puffinus nativitatis,2,Un,citation311,grant,7/17/2016
638,Puffinus newelli,1,Bu,citation311,grant,7/17/2016
639,Puffinus newelli,2,Cr,citation311,grant,7/17/2016
640,Puffinus opisthomelas,1,Bu,citation311,grant,7/17/2016
641,Puffinus persicus,1,unknown,citation311,grant,7/17/2016
642,Puffinus puffinus,1,Bu,citation311,grant,7/17/2016
643,Puffinus subalaris,1,unknown,citation311,grant,7/17/2016
644,Puffinus yelkouan,1,Cr,citation311,grant,7/17/2016
645,Puffinus yelkouan,2,Un,citation311,grant,7/17/2016
646,Thalassoica antarctica,1,Cr,citation311,grant,7/17/2016
647,Thalassoica antarctica,2,Sl,citation311,grant,7/17/2016
648,Cladorhynchus leucocephalus,1,unknown,citation311,grant,7/17/2016
649,Himantopus himantopus,1,unknown,citation311,grant,7/17/2016
650,Himantopus novaezelandiae,1,unknown,citation311,grant,7/17/2016
651,Recurvirostra americana,1,unknown,citation311,grant,7/17/2016
652,Recurvirostra andina,1,unknown,citation311,grant,7/17/2016
653,Recurvirostra avosetta,1,unknown,citation311,grant,7/17/2016
654,Recurvirostra novaehollandiae,1,unknown,citation311,grant,7/17/2016
655,Nycticryphes semicollaris,1,unknown,citation311,grant,7/17/2016
656,Rostratula australis,1,unknown,citation311,grant,7/17/2016
657,Rostratula benghalensis,1,unknown,citation311,grant,7/17/2016
658,Actitis hypoleucos,1,unknown,citation311,grant,7/17/2016
659,Actitis macularius,1,unknown,citation311,grant,7/17/2016
660,Arenaria interpres,1,unknown,citation311,grant,7/17/2016
661,Arenaria melanocephala,1,unknown,citation311,grant,7/17/2016
662,Bartramia longicauda,1,unknown,citation311,grant,7/17/2016
663,Calidris acuminata,1,unknown,citation311,grant,7/17/2016
664,Calidris alba,1,unknown,citation311,grant,7/17/2016
665,Calidris alpina,1,unknown,citation311,grant,7/17/2016
666,Calidris bairdii,1,unknown,citation311,grant,7/17/2016
667,Calidris canutus,1,unknown,citation311,grant,7/17/2016
668,Calidris falcinellus,1,unknown,citation311,grant,7/17/2016
669,Calidris ferruginea,1,unknown,citation311,grant,7/17/2016
670,Calidris fuscicollis,1,unknown,citation311,grant,7/17/2016
671,Calidris himantopus,1,unknown,citation311,grant,7/17/2016
672,Calidris maritima,1,unknown,citation311,grant,7/17/2016
673,Calidris mauri,1,unknown,citation311,grant,7/17/2016
674,Calidris melanotos,1,unknown,citation311,grant,7/17/2016
675,Calidris minuta,1,unknown,citation311,grant,7/17/2016
676,Calidris minutilla,1,unknown,citation311,grant,7/17/2016
677,Calidris ptilocnemis,1,unknown,citation311,grant,7/17/2016
678,Calidris pugnax,1,unknown,citation311,grant,7/17/2016
679,Calidris pusilla,1,unknown,citation311,grant,7/17/2016
680,Calidris pygmaea,1,unknown,citation311,grant,7/17/2016
681,Calidris ruficollis,1,unknown,citation311,grant,7/17/2016
682,Calidris subminuta,1,unknown,citation311,grant,7/17/2016
683,Calidris subruficollis,1,unknown,citation311,grant,7/17/2016
684,Calidris temminckii,1,unknown,citation311,grant,7/17/2016
685,Calidris tenuirostris,1,unknown,citation311,grant,7/17/2016
686,Calidris virgata,1,unknown,citation311,grant,7/17/2016
687,Coenocorypha aucklandica,1,unknown,citation311,grant,7/17/2016
688,Coenocorypha barrierensis,1,unknown,citation311,grant,7/17/2016
689,Coenocorypha huegeli,1,unknown,citation311,grant,7/17/2016
690,Coenocorypha iredalei,1,unknown,citation311,grant,7/17/2016
691,Coenocorypha pusilla,1,unknown,citation311,grant,7/17/2016
692,Gallinago andina,1,unknown,citation311,grant,7/17/2016
693,Gallinago delicata,1,unknown,citation311,grant,7/17/2016
694,Gallinago gallinago,1,unknown,citation311,grant,7/17/2016
695,Gallinago hardwickii,1,unknown,citation311,grant,7/17/2016
696,Gallinago imperialis,1,unknown,citation311,grant,7/17/2016
697,Gallinago jamesoni,1,unknown,citation311,grant,7/17/2016
698,Gallinago macrodactyla,1,unknown,citation311,grant,7/17/2016
699,Gallinago media,1,unknown,citation311,grant,7/17/2016
700,Gallinago megala,1,unknown,citation311,grant,7/17/2016
701,Gallinago nemoricola,1,unknown,citation311,grant,7/17/2016
702,Gallinago nigripennis,1,unknown,citation311,grant,7/17/2016
703,Gallinago nobilis,1,unknown,citation311,grant,7/17/2016
704,Gallinago paraguaiae,1,unknown,citation311,grant,7/17/2016
705,Gallinago solitaria,1,unknown,citation311,grant,7/17/2016
706,Gallinago stenura,1,unknown,citation311,grant,7/17/2016
707,Gallinago stricklandii,1,unknown,citation311,grant,7/17/2016
708,Gallinago undulata,1,unknown,citation311,grant,7/17/2016
709,Limnodromus griseus,1,unknown,citation311,grant,7/17/2016
710,Limnodromus scolopaceus,1,unknown,citation311,grant,7/17/2016
711,Limnodromus semipalmatus,1,unknown,citation311,grant,7/17/2016
712,Limosa fedoa,1,unknown,citation311,grant,7/17/2016
713,Limosa haemastica,1,unknown,citation311,grant,7/17/2016
714,Limosa lapponica,1,unknown,citation311,grant,7/17/2016
715,Limosa limosa,1,unknown,citation311,grant,7/17/2016
716,Lymnocryptes minimus,1,unknown,citation311,grant,7/17/2016
717,Numenius americanus,1,unknown,citation311,grant,7/17/2016
718,Numenius arquata,1,unknown,citation311,grant,7/17/2016
719,Numenius borealis,1,unknown,citation311,grant,7/17/2016
720,Numenius madagascariensis,1,unknown,citation311,grant,7/17/2016
721,Numenius minutus,1,unknown,citation311,grant,7/17/2016
722,Numenius phaeopus,1,unknown,citation311,grant,7/17/2016
723,Numenius tahitiensis,1,unknown,citation311,grant,7/17/2016
724,Numenius tenuirostris,1,unknown,citation311,grant,7/17/2016
725,Phalaropus fulicarius,1,unknown,citation311,grant,7/17/2016
726,Phalaropus lobatus,1,unknown,citation311,grant,7/17/2016
727,Prosobonia cancellata,1,unknown,citation311,grant,7/17/2016
728,Prosobonia ellisi,1,unknown,citation311,grant,7/17/2016
729,Prosobonia leucoptera,1,unknown,citation311,grant,7/17/2016
730,Prosobonia parvirostris,1,unknown,citation311,grant,7/17/2016
731,Scolopax bukidnonensis,1,unknown,citation311,grant,7/17/2016
732,Scolopax celebensis,1,unknown,citation311,grant,7/17/2016
733,Scolopax minor,1,unknown,citation311,grant,7/17/2016
734,Scolopax mira,1,unknown,citation311,grant,7/17/2016
735,Scolopax rochussenii,1,unknown,citation311,grant,7/17/2016
736,Scolopax rosenbergii,1,unknown,citation311,grant,7/17/2016
737,Scolopax rusticola,1,unknown,citation311,grant,7/17/2016
738,Scolopax saturata,1,unknown,citation311,grant,7/17/2016
739,Steganopus tricolor,1,unknown,citation311,grant,7/17/2016
740,Tringa brevipes,1,unknown,citation311,grant,7/17/2016
741,Tringa erythropus,1,unknown,citation311,grant,7/17/2016
742,Tringa flavipes,1,unknown,citation311,grant,7/17/2016
743,Tringa glareola,1,unknown,citation311,grant,7/17/2016
744,Tringa guttifer,1,unknown,citation311,grant,7/17/2016
745,Tringa incana,1,unknown,citation311,grant,7/17/2016
746,Tringa melanoleuca,1,unknown,citation311,grant,7/17/2016
747,Tringa nebularia,1,unknown,citation311,grant,7/17/2016
748,Tringa ochropus,1,unknown,citation311,grant,7/17/2016
749,Tringa semipalmata,1,unknown,citation311,grant,7/17/2016
750,Tringa solitaria,1,unknown,citation311,grant,7/17/2016
751,Tringa stagnatilis,1,unknown,citation311,grant,7/17/2016
752,Tringa totanus,1,unknown,citation311,grant,7/17/2016
753,Xenus cinereus,1,unknown,citation311,grant,7/17/2016
754,Scopus umbretta,1,unknown,citation311,grant,7/17/2016
755,Aptenodytes forsteri,1,unknown,citation311,grant,7/17/2016
756,Aptenodytes patagonicus,1,unknown,citation311,grant,7/17/2016
757,Eudyptes chrysocome,1,O,citation311,grant,7/17/2016
758,Eudyptes chrysocome,2,Cr,citation311,grant,7/17/2016
759,Eudyptes chrysolophus,1,Sl,citation311,grant,7/17/2016
760,Eudyptes chrysolophus,2,O,citation311,grant,7/17/2016
761,Eudyptes moseleyi,1,unknown,citation311,grant,7/17/2016
762,Eudyptes pachyrhynchus,1,O,citation311,grant,7/17/2016
763,Eudyptes pachyrhynchus,2,Cr,citation311,grant,7/17/2016
764,Eudyptes robustus,1,O,citation311,grant,7/17/2016
765,Eudyptes robustus,2,Cl,citation311,grant,7/17/2016
766,Eudyptes schlegeli,1,O,citation311,grant,7/17/2016
767,Eudyptes schlegeli,2,Sl,citation311,grant,7/17/2016
768,Eudyptes sclateri,1,unknown,citation311,grant,7/17/2016
769,Eudyptula minor,1,Bu,citation311,grant,7/17/2016
770,Megadyptes antipodes,1,O,citation311,grant,7/17/2016
771,Pygoscelis adeliae,1,O,citation311,grant,7/17/2016
772,Pygoscelis antarcticus,1,O,citation311,grant,7/17/2016
773,Pygoscelis antarcticus,2,Sl,citation311,grant,7/17/2016
774,Pygoscelis papua,1,O,citation311,grant,7/17/2016
775,Spheniscus demersus,1,Bu,citation311,grant,7/17/2016
776,Spheniscus humboldti,1,Cr,citation311,grant,7/17/2016
777,Spheniscus magellanicus,1,Bu,citation311,grant,7/17/2016
778,Spheniscus mendiculus,1,Bu,citation311,grant,7/17/2016
779,Catharacta antarctica,1,O,citation311,grant,7/17/2016
780,Catharacta chilensis,1,O,citation311,grant,7/17/2016
781,Catharacta maccormicki,1,O,citation311,grant,7/17/2016
782,Catharacta skua,1,O,citation311,grant,7/17/2016
783,Stercorarius longicaudus,1,O,citation311,grant,7/17/2016
784,Stercorarius parasiticus,1,O,citation311,grant,7/17/2016
785,Stercorarius pomarinus,1,O,citation311,grant,7/17/2016
786,Morus bassanus,1,Cl,citation311,grant,7/17/2016
787,Morus bassanus,2,O,citation311,grant,7/17/2016
788,Morus capensis,1,O,citation311,grant,7/17/2016
789,Morus serrator,1,O,citation311,grant,7/17/2016
790,Morus serrator,2,Cl,citation311,grant,7/17/2016
791,Papasula abbotti,1,T,citation311,grant,7/17/2016
792,Sula dactylatra,1,Cl,citation311,grant,7/17/2016
793,Sula dactylatra,2,O,citation311,grant,7/17/2016
794,Sula granti,1,O,citation311,grant,7/17/2016
795,Sula leucogaster,1,O,citation311,grant,7/17/2016
796,Sula leucogaster,2,Cl,citation311,grant,7/17/2016
797,Sula nebouxii,1,Cl,citation311,grant,7/17/2016
798,Sula nebouxii,2,O,citation311,grant,7/17/2016
799,Sula sula,1,T,citation311,grant,7/17/2016
800,Sula variegata,1,Cl,citation311,grant,7/17/2016
801,Sula variegata,2,O,citation311,grant,7/17/2016
802,Attagis gayi,1,unknown,citation311,grant,7/17/2016
803,Attagis malouinus,1,unknown,citation311,grant,7/17/2016
804,Thinocorus orbignyianus,1,unknown,citation311,grant,7/17/2016
805,Thinocorus rumicivorus,1,unknown,citation311,grant,7/17/2016
806,Bostrychia bocagei,1,unknown,citation311,grant,7/17/2016
807,Bostrychia carunculata,1,unknown,citation311,grant,7/17/2016
808,Bostrychia hagedash,1,unknown,citation311,grant,7/17/2016
809,Bostrychia olivacea,1,unknown,citation311,grant,7/17/2016
810,Bostrychia rara,1,unknown,citation311,grant,7/17/2016
811,Cercibis oxycerca,1,unknown,citation311,grant,7/17/2016
812,Eudocimus albus,1,unknown,citation311,grant,7/17/2016
813,Eudocimus ruber,1,unknown,citation311,grant,7/17/2016
814,Geronticus calvus,1,unknown,citation311,grant,7/17/2016
815,Geronticus eremita,1,unknown,citation311,grant,7/17/2016
816,Lophotibis cristata,1,unknown,citation311,grant,7/17/2016
817,Mesembrinibis cayennensis,1,unknown,citation311,grant,7/17/2016
818,Nipponia nippon,1,unknown,citation311,grant,7/17/2016
819,Phimosus infuscatus,1,unknown,citation311,grant,7/17/2016
820,Platalea ajaja,1,unknown,citation311,grant,7/17/2016
821,Platalea alba,1,unknown,citation311,grant,7/17/2016
822,Platalea flavipes,1,unknown,citation311,grant,7/17/2016
823,Platalea leucorodia,1,unknown,citation311,grant,7/17/2016
824,Platalea minor,1,unknown,citation311,grant,7/17/2016
825,Platalea regia,1,unknown,citation311,grant,7/17/2016
826,Plegadis chihi,1,unknown,citation311,grant,7/17/2016
827,Plegadis falcinellus,1,unknown,citation311,grant,7/17/2016
828,Plegadis ridgwayi,1,unknown,citation311,grant,7/17/2016
829,Pseudibis davisoni,1,unknown,citation311,grant,7/17/2016
830,Pseudibis papillosa,1,unknown,citation311,grant,7/17/2016
831,Thaumatibis gigantea,1,unknown,citation311,grant,7/17/2016
832,Theristicus branickii,1,unknown,citation311,grant,7/17/2016
833,Theristicus caerulescens,1,unknown,citation311,grant,7/17/2016
834,Theristicus caudatus,1,unknown,citation311,grant,7/17/2016
835,Theristicus melanopis,1,unknown,citation311,grant,7/17/2016
836,Threskiornis aethiopicus,1,unknown,citation311,grant,7/17/2016
837,Threskiornis bernieri,1,unknown,citation311,grant,7/17/2016
838,Threskiornis melanocephalus,1,unknown,citation311,grant,7/17/2016
839,Threskiornis moluccus,1,unknown,citation311,grant,7/17/2016
840,Threskiornis solitarius,1,unknown,citation311,grant,7/17/2016
841,Threskiornis spinicollis,1,unknown,citation311,grant,7/17/2016
842,Ortyxelos meiffrenii,1,unknown,citation311,grant,7/17/2016
843,Turnix castanotus,1,unknown,citation311,grant,7/17/2016
844,Turnix everetti,1,unknown,citation311,grant,7/17/2016
845,Turnix hottentottus,1,unknown,citation311,grant,7/17/2016
846,Turnix maculosus,1,unknown,citation311,grant,7/17/2016
847,Turnix melanogaster,1,unknown,citation311,grant,7/17/2016
848,Turnix nanus,1,unknown,citation311,grant,7/17/2016
849,Turnix nigricollis,1,unknown,citation311,grant,7/17/2016
850,Turnix novaecaledoniae,1,unknown,citation311,grant,7/17/2016
851,Turnix ocellatus,1,unknown,citation311,grant,7/17/2016
852,Turnix olivii,1,unknown,citation311,grant,7/17/2016
853,Turnix pyrrhothorax,1,unknown,citation311,grant,7/17/2016
854,Turnix suscitator,1,unknown,citation311,grant,7/17/2016
855,Turnix sylvaticus,1,unknown,citation311,grant,7/17/2016
856,Turnix tanki,1,unknown,citation311,grant,7/17/2016
857,Turnix varius,1,unknown,citation311,grant,7/17/2016
858,Turnix velox,1,unknown,citation311,grant,7/17/2016
859,Turnix worcesteri,1,unknown,citation311,grant,7/17/2016
