feature_id,spec,female_mass_mean,female_mass_upper,female_mass_lower,female_mass_uncertainty,male_mass_mean,male_mass_lower,male_mass_upper,male_mass_uncertainty,clutch_size_mean,clutch_size_lower,cluth_size_upper,clutch_size_uncertainty,clutch_interval,incubation_mean,incubation_period_lower,incubtaion_period_upper,incubation_period_uncertainty,fledging_period_mean,fledging_period_lower,fledging_period_upper,fledging_period_uncertainty,max_growth_mean,max_growth_lower,max_growth_upper,max_growth_uncertainty,post_fledge_care_mean,post_fledge_care_lower,post_fledge_care_upper,post_fledge_care_uncertainty,age_first_breed_mean,age_first_breed_lower,age_first_breed_upper,age_first_breed_uncertainty,foraging_distance,wingspan_mean,wingspan_lower,wingspan_upper,wingspan_uncertainty,max_age_mean,max_age_lower,max_age_upper,max_age_uncertainty,annual_survival_mean,annual_survival_lower,annual_survival_upper,annual_survival_uncertainty,citation,username,dt
1,Ptychoramphus aleuticus,0.19,,,,0.19,,,,1,,,,D,39,37,57,,46,41,50,,,,,,0,,,,3,1,4,,"NS,OS",44,,,,16,,,,75,,,,,grant,27/06/2016
2,Synthliboramphus antiquus,0.206,,,,0.206,,,,2,1,2,,,32.7,29,37,,2,1,4,,,,,,30,,,,3,2,4,,"NS,OS",45,,,,,,,,77,,,,,grant,27/06/2016
3,Cepphus columba,,0.45,0.55,,,0.45,0.55,,2,1,2,,,29,26,32,,40,35,54,,,10,20,,0,,,,3,,,,NS,58,,,,14,,,,80,,,,,grant,27/06/2016
4,Aethia pusilla,0.084,,,,0.084,,,,1,,,,,30.1,25,39,,28.6,,,,6,,,,0,,,,3,,,,"NS,OS",33,,,,,,,,80.8,,,,,grant,27/06/2016
5,Cepphus grylle,0.43,0.3,0.53,,0.43,0.37,0.5,,2,,,,,29,,,,36.5,34,39,,13.8,,,,0,,,,3,3,4,,NS,,,,,13,,,,87,,,,,grant,27/06/2016
6,Aethia cristatella,0.26,,,,0.26,,,,1,,,,,33.8,29,40,,33.2,27,36,,,11,13,,0,,,,3,,,,"NS,OS",48,,,,,,,,89,,,,,grant,27/06/2016
7,Fratercula arctica,0.51,0.31,0.27,,0.48,0.31,0.57,,1,,,,,42,,,,39,,,,11.2,,,,0,,,,6,,,,"NS,OS",55,,,,32,,,,94.2,,,,,grant,27/06/2016
8,Uria aalge,1.1,0.87,1.3,,1,0.83,1.3,,1,,,,,33,,,,21.5,18,25,,11.4,,,,,,,yes,(4-5),4,5,,"NS,OS",73,,,,26,,,,,87,95,,,grant,27/06/2016
9,Alca torda,0.72,,,,0.72,,,,1,,,,,35,,,,22.5,15,30,,12.3,,,,,,,,4,4,5,,NS,66,,,,,,,,,88,90,,,grant,27/06/2016
10,Uria lomvia,1,0.76,1.2,,0.99,0.84,1.2,,1,,,,,33,31,36,,22.5,15,30,,11.5,,,,,30,60,,4,4,5,,"NS,OS",,,,,29,,,,,89,90,,,grant,27/06/2016
11,Cerorhinca monocerata,0.456,,,,0.51,,,,1,,,,,44.9,39,52,,,50,60,,10,,,,0,,,,3,,,,"NS,OS",62,,,,10,,,,,,,,,grant,27/06/2016
12,Synthliboramphus hypoleucus,0.17,,,,0.17,,,,2,1,2,,,34,27,44,,2,1,4,,,,,,,,,yes,3,2,3,,OS,42,,,,15,,,,,,,,,grant,27/06/2016
13,Synthliboramphus craveri,0.15,,,,0.15,,,,2,,,,,,,,,2,,,,,,,,,,,yes,,,,,,41,,,,,,,,,,,,,grant,27/06/2016
14,Brachyramphus marmoratus,0.22,,,,0.22,,,,1,,,,,29,,,,33.5,27,40,,,,,,,,,,3,,,,"NS,OS",44,,,,,,,,,,,,,grant,27/06/2016
15,Aethia psittacula,0.26,,,,0.26,,,,1,,,,,35,,,,35,,,,10.6,,,,0,,,,,,,,,50,,,,,,,,,,,,,grant,27/06/2016
16,Fratercula corniculata,0.62,,,,0.62,,,,1,,,,,,,,,38,,,,11.1,,,,0,,,,,,,,OS,61,,,,,,,,,,,,,grant,27/06/2016
17,Fratercula cirrhata,0.78,,,,0.78,,,,1,,,,,,,,,,47,55,,16.1,,,,,,,,,,,,OS,66,,,,,,,,,,,,,grant,27/06/2016
18,Aethia pygmaea,0.12,,,,0.12,,,,1,,,,,35.5,,,,40.5,39,42,,,,,,,,,,3,,,,NS,,,,,,,,,,,,,,grant,27/06/2016
19,Alle alle,0.16,,,,0.16,,,,1,,,,,29,,,,27.5,,,,6.5,,,,0,,,,5,,,,"NS,OS",,,,,,,,,,,,,,grant,27/06/2016
20,Pinguinus impennis,,,,,,,,,1,,,,,,,,,,,,,,,,,,,,,7,,,,,,,,,,,,,,,,,,grant,27/06/2016
21,Brachyramphus perdix,,,,,,,,,1,,,,,,,,,,27,40,,,,,,0,,,,,,,,,,,,,,,,,,,,,,grant,27/06/2016
22,Brachyramphus brevirostris,,0.224,0.243,,,0.224,0.243,,1,,,,,30,,,?,24,,,?,,,,,,,,?,,,,,NS,,,,,,,,,,,,,,grant,27/06/2016
23,Synthliboramphus wumizusume,0.183,,,,0.183,,,,2,1,2,,,,32,33,,2,,,,,,,,30,,,c,,,,,NS+,,,,,,,,,,,,,,grant,27/06/2016
24,Cepphus carbo,,,,,,,,,,1,2,,,30,,,,,,,,,,,,,,,,,,,,,,,,,,,,,,,,,,grant,27/06/2016
25,Synthliboramphus scrippsi,,,,,,,,,,,,,,,,,,,,,,,,,,,,,,,,,,,,,,,,,,,,,,,,grant,27/06/2016
26,Anhinga anhinga,,,,,,,,,,,,,,,,,,,,,,,,,,,,,,,,,,,,,,,,,,,,,,,,grant,27/06/2016
27,Anhinga melanogaster,,,,,,,,,,,,,,,,,,,,,,,,,,,,,,,,,,,,,,,,,,,,,,,,grant,27/06/2016
28,Anhinga novaehollandiae,,,,,,,,,,,,,,,,,,,,,,,,,,,,,,,,,,,,,,,,,,,,,,,,grant,27/06/2016
29,Anhinga rufa,,,,,,,,,,,,,,,,,,,,,,,,,,,,,,,,,,,,,,,,,,,,,,,,grant,27/06/2016
30,Agamia agami,,,,,,,,,,,,,,,,,,,,,,,,,,,,,,,,,,,,,,,,,,,,,,,,grant,27/06/2016
31,Ardea alba,,,,,,,,,,,,,,,,,,,,,,,,,,,,,,,,,,,,,,,,,,,,,,,,grant,27/06/2016
32,Ardea brachyrhyncha,,,,,,,,,,,,,,,,,,,,,,,,,,,,,,,,,,,,,,,,,,,,,,,,grant,27/06/2016
33,Ardea cinerea,,,,,,,,,,,,,,,,,,,,,,,,,,,,,,,,,,,,,,,,,,,,,,,,grant,27/06/2016
34,Ardea cocoi,,,,,,,,,,,,,,,,,,,,,,,,,,,,,,,,,,,,,,,,,,,,,,,,grant,27/06/2016
35,Ardea goliath,,,,,,,,,,,,,,,,,,,,,,,,,,,,,,,,,,,,,,,,,,,,,,,,grant,27/06/2016
36,Ardea herodias,,,,,,,,,,,,,,,,,,,,,,,,,,,,,,,,,,,,,,,,,,,,,,,,grant,27/06/2016
37,Ardea humbloti,,,,,,,,,,,,,,,,,,,,,,,,,,,,,,,,,,,,,,,,,,,,,,,,grant,27/06/2016
38,Ardea insignis,,,,,,,,,,,,,,,,,,,,,,,,,,,,,,,,,,,,,,,,,,,,,,,,grant,27/06/2016
39,Ardea intermedia,,,,,,,,,,,,,,,,,,,,,,,,,,,,,,,,,,,,,,,,,,,,,,,,grant,27/06/2016
40,Ardea melanocephala,,,,,,,,,,,,,,,,,,,,,,,,,,,,,,,,,,,,,,,,,,,,,,,,grant,27/06/2016
41,Ardea pacifica,,,,,,,,,,,,,,,,,,,,,,,,,,,,,,,,,,,,,,,,,,,,,,,,grant,27/06/2016
42,Ardea plumifera,,,,,,,,,,,,,,,,,,,,,,,,,,,,,,,,,,,,,,,,,,,,,,,,grant,27/06/2016
43,Ardea purpurea,,,,,,,,,,,,,,,,,,,,,,,,,,,,,,,,,,,,,,,,,,,,,,,,grant,27/06/2016
44,Ardea sumatrana,,,,,,,,,,,,,,,,,,,,,,,,,,,,,,,,,,,,,,,,,,,,,,,,grant,27/06/2016
45,Ardeola bacchus,,,,,,,,,,,,,,,,,,,,,,,,,,,,,,,,,,,,,,,,,,,,,,,,grant,27/06/2016
46,Ardeola grayii,,,,,,,,,,,,,,,,,,,,,,,,,,,,,,,,,,,,,,,,,,,,,,,,grant,27/06/2016
47,Ardeola idae,,,,,,,,,,,,,,,,,,,,,,,,,,,,,,,,,,,,,,,,,,,,,,,,grant,27/06/2016
48,Ardeola ralloides,,,,,,,,,,,,,,,,,,,,,,,,,,,,,,,,,,,,,,,,,,,,,,,,grant,27/06/2016
49,Ardeola rufiventris,,,,,,,,,,,,,,,,,,,,,,,,,,,,,,,,,,,,,,,,,,,,,,,,grant,27/06/2016
50,Ardeola speciosa,,,,,,,,,,,,,,,,,,,,,,,,,,,,,,,,,,,,,,,,,,,,,,,,grant,27/06/2016
51,Botaurus lentiginosus,,,,,,,,,,,,,,,,,,,,,,,,,,,,,,,,,,,,,,,,,,,,,,,,grant,27/06/2016
52,Botaurus pinnatus,,,,,,,,,,,,,,,,,,,,,,,,,,,,,,,,,,,,,,,,,,,,,,,,grant,27/06/2016
53,Botaurus poiciloptilus,,,,,,,,,,,,,,,,,,,,,,,,,,,,,,,,,,,,,,,,,,,,,,,,grant,27/06/2016
54,Botaurus stellaris,,,,,,,,,,,,,,,,,,,,,,,,,,,,,,,,,,,,,,,,,,,,,,,,grant,27/06/2016
55,Bubulcus ibis,,,,,,,,,,,,,,,,,,,,,,,,,,,,,,,,,,,,,,,,,,,,,,,,grant,27/06/2016
56,Butorides striata,,,,,,,,,,,,,,,,,,,,,,,,,,,,,,,,,,,,,,,,,,,,,,,,grant,27/06/2016
57,Calherodius leuconotus,,,,,,,,,,,,,,,,,,,,,,,,,,,,,,,,,,,,,,,,,,,,,,,,grant,27/06/2016
58,Cochlearius cochlearius,,,,,,,,,,,,,,,,,,,,,,,,,,,,,,,,,,,,,,,,,,,,,,,,grant,27/06/2016
59,Egretta ardesiaca,,,,,,,,,,,,,,,,,,,,,,,,,,,,,,,,,,,,,,,,,,,,,,,,grant,27/06/2016
60,Egretta caerulea,,,,,,,,,,,,,,,,,,,,,,,,,,,,,,,,,,,,,,,,,,,,,,,,grant,27/06/2016
61,Egretta eulophotes,,,,,,,,,,,,,,,,,,,,,,,,,,,,,,,,,,,,,,,,,,,,,,,,grant,27/06/2016
62,Egretta garzetta,,,,,,,,,,,,,,,,,,,,,,,,,,,,,,,,,,,,,,,,,,,,,,,,grant,27/06/2016
63,Egretta gularis,,,,,,,,,,,,,,,,,,,,,,,,,,,,,,,,,,,,,,,,,,,,,,,,grant,27/06/2016
64,Egretta novaehollandiae,,,,,,,,,,,,,,,,,,,,,,,,,,,,,,,,,,,,,,,,,,,,,,,,grant,27/06/2016
65,Egretta picata,,,,,,,,,,,,,,,,,,,,,,,,,,,,,,,,,,,,,,,,,,,,,,,,grant,27/06/2016
66,Egretta rufescens,,,,,,,,,,,,,,,,,,,,,,,,,,,,,,,,,,,,,,,,,,,,,,,,grant,27/06/2016
67,Egretta sacra,,,,,,,,,,,,,,,,,,,,,,,,,,,,,,,,,,,,,,,,,,,,,,,,grant,27/06/2016
68,Egretta thula,,,,,,,,,,,,,,,,,,,,,,,,,,,,,,,,,,,,,,,,,,,,,,,,grant,27/06/2016
69,Egretta tricolor,,,,,,,,,,,,,,,,,,,,,,,,,,,,,,,,,,,,,,,,,,,,,,,,grant,27/06/2016
70,Egretta vinaceigula,,,,,,,,,,,,,,,,,,,,,,,,,,,,,,,,,,,,,,,,,,,,,,,,grant,27/06/2016
71,Gorsachius goisagi,,,,,,,,,,,,,,,,,,,,,,,,,,,,,,,,,,,,,,,,,,,,,,,,grant,27/06/2016
72,Gorsachius magnificus,,,,,,,,,,,,,,,,,,,,,,,,,,,,,,,,,,,,,,,,,,,,,,,,grant,27/06/2016
73,Gorsachius melanolophus,,,,,,,,,,,,,,,,,,,,,,,,,,,,,,,,,,,,,,,,,,,,,,,,grant,27/06/2016
74,Ixobrychus cinnamomeus,,,,,,,,,,,,,,,,,,,,,,,,,,,,,,,,,,,,,,,,,,,,,,,,grant,27/06/2016
75,Ixobrychus dubius,,,,,,,,,,,,,,,,,,,,,,,,,,,,,,,,,,,,,,,,,,,,,,,,grant,27/06/2016
76,Ixobrychus eurhythmus,,,,,,,,,,,,,,,,,,,,,,,,,,,,,,,,,,,,,,,,,,,,,,,,grant,27/06/2016
77,Ixobrychus exilis,,,,,,,,,,,,,,,,,,,,,,,,,,,,,,,,,,,,,,,,,,,,,,,,grant,27/06/2016
78,Ixobrychus flavicollis,,,,,,,,,,,,,,,,,,,,,,,,,,,,,,,,,,,,,,,,,,,,,,,,grant,27/06/2016
79,Ixobrychus involucris,,,,,,,,,,,,,,,,,,,,,,,,,,,,,,,,,,,,,,,,,,,,,,,,grant,27/06/2016
80,Ixobrychus minutus,,,,,,,,,,,,,,,,,,,,,,,,,,,,,,,,,,,,,,,,,,,,,,,,grant,27/06/2016
81,Ixobrychus novaezelandiae,,,,,,,,,,,,,,,,,,,,,,,,,,,,,,,,,,,,,,,,,,,,,,,,grant,27/06/2016
82,Ixobrychus sinensis,,,,,,,,,,,,,,,,,,,,,,,,,,,,,,,,,,,,,,,,,,,,,,,,grant,27/06/2016
83,Ixobrychus sturmii,,,,,,,,,,,,,,,,,,,,,,,,,,,,,,,,,,,,,,,,,,,,,,,,grant,27/06/2016
84,Nyctanassa carcinocatactes,,,,,,,,,,,,,,,,,,,,,,,,,,,,,,,,,,,,,,,,,,,,,,,,grant,27/06/2016
85,Nyctanassa violacea,,,,,,,,,,,,,,,,,,,,,,,,,,,,,,,,,,,,,,,,,,,,,,,,grant,27/06/2016
86,Nycticorax caledonicus,,,,,,,,,,,,,,,,,,,,,,,,,,,,,,,,,,,,,,,,,,,,,,,,grant,27/06/2016
87,Nycticorax duboisi,,,,,,,,,,,,,,,,,,,,,,,,,,,,,,,,,,,,,,,,,,,,,,,,grant,27/06/2016
88,Nycticorax mauritianus,,,,,,,,,,,,,,,,,,,,,,,,,,,,,,,,,,,,,,,,,,,,,,,,grant,27/06/2016
89,Nycticorax megacephalus,,,,,,,,,,,,,,,,,,,,,,,,,,,,,,,,,,,,,,,,,,,,,,,,grant,27/06/2016
90,Nycticorax nycticorax,,,,,,,,,,,,,,,,,,,,,,,,,,,,,,,,,,,,,,,,,,,,,,,,grant,27/06/2016
91,Pilherodius pileatus,,,,,,,,,,,,,,,,,,,,,,,,,,,,,,,,,,,,,,,,,,,,,,,,grant,27/06/2016
92,Syrigma sibilatrix,,,,,,,,,,,,,,,,,,,,,,,,,,,,,,,,,,,,,,,,,,,,,,,,grant,27/06/2016
93,Tigriornis leucolopha,,,,,,,,,,,,,,,,,,,,,,,,,,,,,,,,,,,,,,,,,,,,,,,,grant,27/06/2016
94,Tigrisoma fasciatum,,,,,,,,,,,,,,,,,,,,,,,,,,,,,,,,,,,,,,,,,,,,,,,,grant,27/06/2016
95,Tigrisoma lineatum,,,,,,,,,,,,,,,,,,,,,,,,,,,,,,,,,,,,,,,,,,,,,,,,grant,27/06/2016
96,Tigrisoma mexicanum,,,,,,,,,,,,,,,,,,,,,,,,,,,,,,,,,,,,,,,,,,,,,,,,grant,27/06/2016
97,Zebrilus undulatus,,,,,,,,,,,,,,,,,,,,,,,,,,,,,,,,,,,,,,,,,,,,,,,,grant,27/06/2016
98,Zonerodius heliosylus,,,,,,,,,,,,,,,,,,,,,,,,,,,,,,,,,,,,,,,,,,,,,,,,grant,27/06/2016
99,Balaeniceps rex,,,,,,,,,,,,,,,,,,,,,,,,,,,,,,,,,,,,,,,,,,,,,,,,grant,27/06/2016
100,Burhinus bistriatus,,,,,,,,,,,,,,,,,,,,,,,,,,,,,,,,,,,,,,,,,,,,,,,,grant,27/06/2016
101,Burhinus capensis,,,,,,,,,,,,,,,,,,,,,,,,,,,,,,,,,,,,,,,,,,,,,,,,grant,27/06/2016
102,Burhinus grallarius,,,,,,,,,,,,,,,,,,,,,,,,,,,,,,,,,,,,,,,,,,,,,,,,grant,27/06/2016
103,Burhinus indicus,,,,,,,,,,,,,,,,,,,,,,,,,,,,,,,,,,,,,,,,,,,,,,,,grant,27/06/2016
104,Burhinus oedicnemus,,,,,,,,,,,,,,,,,,,,,,,,,,,,,,,,,,,,,,,,,,,,,,,,grant,27/06/2016
105,Burhinus senegalensis,,,,,,,,,,,,,,,,,,,,,,,,,,,,,,,,,,,,,,,,,,,,,,,,grant,27/06/2016
106,Burhinus superciliaris,,,,,,,,,,,,,,,,,,,,,,,,,,,,,,,,,,,,,,,,,,,,,,,,grant,27/06/2016
107,Burhinus vermiculatus,,,,,,,,,,,,,,,,,,,,,,,,,,,,,,,,,,,,,,,,,,,,,,,,grant,27/06/2016
108,Esacus magnirostris,,,,,,,,,,,,,,,,,,,,,,,,,,,,,,,,,,,,,,,,,,,,,,,,grant,27/06/2016
109,Esacus recurvirostris,,,,,,,,,,,,,,,,,,,,,,,,,,,,,,,,,,,,,,,,,,,,,,,,grant,27/06/2016
110,Anarhynchus frontalis,,,,,,,,,,,,,,,,,,,,,,,,,,,,,,,,,,,,,,,,,,,,,,,,grant,27/06/2016
111,Charadrius alexandrinus,,,,,,,,,,,,,,,,,,,,,,,,,,,,,,,,,,,,,,,,,,,,,,,,grant,27/06/2016
112,Charadrius alticola,,,,,,,,,,,,,,,,,,,,,,,,,,,,,,,,,,,,,,,,,,,,,,,,grant,27/06/2016
113,Charadrius aquilonius,,,,,,,,,,,,,,,,,,,,,,,,,,,,,,,,,,,,,,,,,,,,,,,,grant,27/06/2016
114,Charadrius asiaticus,,,,,,,,,,,,,,,,,,,,,,,,,,,,,,,,,,,,,,,,,,,,,,,,grant,27/06/2016
115,Charadrius bicinctus,,,,,,,,,,,,,,,,,,,,,,,,,,,,,,,,,,,,,,,,,,,,,,,,grant,27/06/2016
116,Charadrius bifrontatus,,,,,,,,,,,,,,,,,,,,,,,,,,,,,,,,,,,,,,,,,,,,,,,,grant,27/06/2016
117,Charadrius collaris,,,,,,,,,,,,,,,,,,,,,,,,,,,,,,,,,,,,,,,,,,,,,,,,grant,27/06/2016
118,Charadrius dealbatus,,,,,,,,,,,,,,,,,,,,,,,,,,,,,,,,,,,,,,,,,,,,,,,,grant,27/06/2016
119,Charadrius dubius,,,,,,,,,,,,,,,,,,,,,,,,,,,,,,,,,,,,,,,,,,,,,,,,grant,27/06/2016
120,Charadrius falklandicus,,,,,,,,,,,,,,,,,,,,,,,,,,,,,,,,,,,,,,,,,,,,,,,,grant,27/06/2016
121,Charadrius forbesi,,,,,,,,,,,,,,,,,,,,,,,,,,,,,,,,,,,,,,,,,,,,,,,,grant,27/06/2016
122,Charadrius hiaticula,,,,,,,,,,,,,,,,,,,,,,,,,,,,,,,,,,,,,,,,,,,,,,,,grant,27/06/2016
123,Charadrius javanicus,,,,,,,,,,,,,,,,,,,,,,,,,,,,,,,,,,,,,,,,,,,,,,,,grant,27/06/2016
124,Charadrius leschenaultii,,,,,,,,,,,,,,,,,,,,,,,,,,,,,,,,,,,,,,,,,,,,,,,,grant,27/06/2016
125,Charadrius marginatus,,,,,,,,,,,,,,,,,,,,,,,,,,,,,,,,,,,,,,,,,,,,,,,,grant,27/06/2016
126,Charadrius melodus,,,,,,,,,,,,,,,,,,,,,,,,,,,,,,,,,,,,,,,,,,,,,,,,grant,27/06/2016
127,Charadrius modestus,,,,,,,,,,,,,,,,,,,,,,,,,,,,,,,,,,,,,,,,,,,,,,,,grant,27/06/2016
128,Charadrius mongolus,,,,,,,,,,,,,,,,,,,,,,,,,,,,,,,,,,,,,,,,,,,,,,,,grant,27/06/2016
129,Charadrius montanus,,,,,,,,,,,,,,,,,,,,,,,,,,,,,,,,,,,,,,,,,,,,,,,,grant,27/06/2016
130,Charadrius nivosus,,,,,,,,,,,,,,,,,,,,,,,,,,,,,,,,,,,,,,,,,,,,,,,,grant,27/06/2016
131,Charadrius obscurus,,,,,,,,,,,,,,,,,,,,,,,,,,,,,,,,,,,,,,,,,,,,,,,,grant,27/06/2016
132,Charadrius pallidus,,,,,,,,,,,,,,,,,,,,,,,,,,,,,,,,,,,,,,,,,,,,,,,,grant,27/06/2016
133,Charadrius pecuarius,,,,,,,,,,,,,,,,,,,,,,,,,,,,,,,,,,,,,,,,,,,,,,,,grant,27/06/2016
134,Charadrius peronii,,,,,,,,,,,,,,,,,,,,,,,,,,,,,,,,,,,,,,,,,,,,,,,,grant,27/06/2016
135,Charadrius placidus,,,,,,,,,,,,,,,,,,,,,,,,,,,,,,,,,,,,,,,,,,,,,,,,grant,27/06/2016
136,Charadrius ruficapillus,,,,,,,,,,,,,,,,,,,,,,,,,,,,,,,,,,,,,,,,,,,,,,,,grant,27/06/2016
137,Charadrius sanctaehelenae,,,,,,,,,,,,,,,,,,,,,,,,,,,,,,,,,,,,,,,,,,,,,,,,grant,27/06/2016
138,Charadrius semipalmatus,,,,,,,,,,,,,,,,,,,,,,,,,,,,,,,,,,,,,,,,,,,,,,,,grant,27/06/2016
139,Charadrius thoracicus,,,,,,,,,,,,,,,,,,,,,,,,,,,,,,,,,,,,,,,,,,,,,,,,grant,27/06/2016
140,Charadrius tricollaris,,,,,,,,,,,,,,,,,,,,,,,,,,,,,,,,,,,,,,,,,,,,,,,,grant,27/06/2016
141,Charadrius veredus,,,,,,,,,,,,,,,,,,,,,,,,,,,,,,,,,,,,,,,,,,,,,,,,grant,27/06/2016
142,Charadrius vociferus,,,,,,,,,,,,,,,,,,,,,,,,,,,,,,,,,,,,,,,,,,,,,,,,grant,27/06/2016
143,Charadrius wilsonia,,,,,,,,,,,,,,,,,,,,,,,,,,,,,,,,,,,,,,,,,,,,,,,,grant,27/06/2016
144,Elseyornis melanops,,,,,,,,,,,,,,,,,,,,,,,,,,,,,,,,,,,,,,,,,,,,,,,,grant,27/06/2016
145,Erythrogonys cinctus,,,,,,,,,,,,,,,,,,,,,,,,,,,,,,,,,,,,,,,,,,,,,,,,grant,27/06/2016
146,Eudromias morinellus,,,,,,,,,,,,,,,,,,,,,,,,,,,,,,,,,,,,,,,,,,,,,,,,grant,27/06/2016
147,Hoploxypterus cayanus,,,,,,,,,,,,,,,,,,,,,,,,,,,,,,,,,,,,,,,,,,,,,,,,grant,27/06/2016
148,Oreopholus ruficollis,,,,,,,,,,,,,,,,,,,,,,,,,,,,,,,,,,,,,,,,,,,,,,,,grant,27/06/2016
149,Peltohyas australis,,,,,,,,,,,,,,,,,,,,,,,,,,,,,,,,,,,,,,,,,,,,,,,,grant,27/06/2016
150,Phegornis mitchellii,,,,,,,,,,,,,,,,,,,,,,,,,,,,,,,,,,,,,,,,,,,,,,,,grant,27/06/2016
151,Pluvialis apricaria,,,,,,,,,,,,,,,,,,,,,,,,,,,,,,,,,,,,,,,,,,,,,,,,grant,27/06/2016
152,Pluvialis dominica,,,,,,,,,,,,,,,,,,,,,,,,,,,,,,,,,,,,,,,,,,,,,,,,grant,27/06/2016
153,Pluvialis fulva,,,,,,,,,,,,,,,,,,,,,,,,,,,,,,,,,,,,,,,,,,,,,,,,grant,27/06/2016
154,Pluvialis squatarola,,,,,,,,,,,,,,,,,,,,,,,,,,,,,,,,,,,,,,,,,,,,,,,,grant,27/06/2016
155,Thinornis cucullatus,,,,,,,,,,,,,,,,,,,,,,,,,,,,,,,,,,,,,,,,,,,,,,,,grant,27/06/2016
156,Thinornis novaeseelandiae,,,,,,,,,,,,,,,,,,,,,,,,,,,,,,,,,,,,,,,,,,,,,,,,grant,27/06/2016
157,Vanellus albiceps,,,,,,,,,,,,,,,,,,,,,,,,,,,,,,,,,,,,,,,,,,,,,,,,grant,27/06/2016
158,Vanellus armatus,,,,,,,,,,,,,,,,,,,,,,,,,,,,,,,,,,,,,,,,,,,,,,,,grant,27/06/2016
159,Vanellus chilensis,,,,,,,,,,,,,,,,,,,,,,,,,,,,,,,,,,,,,,,,,,,,,,,,grant,27/06/2016
160,Vanellus cinereus,,,,,,,,,,,,,,,,,,,,,,,,,,,,,,,,,,,,,,,,,,,,,,,,grant,27/06/2016
161,Vanellus coronatus,,,,,,,,,,,,,,,,,,,,,,,,,,,,,,,,,,,,,,,,,,,,,,,,grant,27/06/2016
162,Vanellus crassirostris,,,,,,,,,,,,,,,,,,,,,,,,,,,,,,,,,,,,,,,,,,,,,,,,grant,27/06/2016
163,Vanellus duvaucelii,,,,,,,,,,,,,,,,,,,,,,,,,,,,,,,,,,,,,,,,,,,,,,,,grant,27/06/2016
164,Vanellus gregarius,,,,,,,,,,,,,,,,,,,,,,,,,,,,,,,,,,,,,,,,,,,,,,,,grant,27/06/2016
165,Vanellus indicus,,,,,,,,,,,,,,,,,,,,,,,,,,,,,,,,,,,,,,,,,,,,,,,,grant,27/06/2016
166,Vanellus leucurus,,,,,,,,,,,,,,,,,,,,,,,,,,,,,,,,,,,,,,,,,,,,,,,,grant,27/06/2016
167,Vanellus lugubris,,,,,,,,,,,,,,,,,,,,,,,,,,,,,,,,,,,,,,,,,,,,,,,,grant,27/06/2016
168,Vanellus macropterus,,,,,,,,,,,,,,,,,,,,,,,,,,,,,,,,,,,,,,,,,,,,,,,,grant,27/06/2016
169,Vanellus malarbaricus,,,,,,,,,,,,,,,,,,,,,,,,,,,,,,,,,,,,,,,,,,,,,,,,grant,27/06/2016
170,Vanellus melanocephalus,,,,,,,,,,,,,,,,,,,,,,,,,,,,,,,,,,,,,,,,,,,,,,,,grant,27/06/2016
171,Vanellus melanopterus,,,,,,,,,,,,,,,,,,,,,,,,,,,,,,,,,,,,,,,,,,,,,,,,grant,27/06/2016
172,Vanellus miles,,,,,,,,,,,,,,,,,,,,,,,,,,,,,,,,,,,,,,,,,,,,,,,,grant,27/06/2016
173,Vanellus novaehollandiae,,,,,,,,,,,,,,,,,,,,,,,,,,,,,,,,,,,,,,,,,,,,,,,,grant,27/06/2016
174,Vanellus resplendens,,,,,,,,,,,,,,,,,,,,,,,,,,,,,,,,,,,,,,,,,,,,,,,,grant,27/06/2016
175,Vanellus senegallus,,,,,,,,,,,,,,,,,,,,,,,,,,,,,,,,,,,,,,,,,,,,,,,,grant,27/06/2016
176,Vanellus spinosus,,,,,,,,,,,,,,,,,,,,,,,,,,,,,,,,,,,,,,,,,,,,,,,,grant,27/06/2016
177,Vanellus superciliosus,,,,,,,,,,,,,,,,,,,,,,,,,,,,,,,,,,,,,,,,,,,,,,,,grant,27/06/2016
178,Vanellus tectus,,,,,,,,,,,,,,,,,,,,,,,,,,,,,,,,,,,,,,,,,,,,,,,,grant,27/06/2016
179,Vanellus tricolor,,,,,,,,,,,,,,,,,,,,,,,,,,,,,,,,,,,,,,,,,,,,,,,,grant,27/06/2016
180,Vanellus vanellus,,,,,,,,,,,,,,,,,,,,,,,,,,,,,,,,,,,,,,,,,,,,,,,,grant,27/06/2016
181,Chionis albus,,,,,,,,,,,,,,,,,,,,,,,,,,,,,,,,,,,,,,,,,,,,,,,,grant,27/06/2016
182,Chionis minor,,,,,,,,,,,,,,,,,,,,,,,,,,,,,,,,,,,,,,,,,,,,,,,,grant,27/06/2016
183,Thalassarche bulleri,2.78,,,,3.12,,,,1,,,,,,69,72,,,140,167,,,,,,0,,,,5,,,+,NS,,205,213,,30,,,+,91.3,,,,,grant,27/06/2016
184,Phoebetria fusca,2.4,,,,2.7,,,,1,,,,B,,69,72,,,140,167,,,,,,0,,,,5,,,+,NS,,205,213,,30,,,+,91.3,,,,,grant,27/06/2016
185,Thalassarche melanophris,3.22,,,,3.92,,,,1,,,,,,65,72,,,116,125,,70,,,,,,,,(7-11),7,11,,"NS,OS",,216,240,,,,,,92,,,,,grant,27/06/2016
186,Thalassarche impavida,2.7,,,,3.1,,,,1,,,,,,,,,,,,,,,,,0,,,,10,,,,OS,,,,,,,,,94.5,,,,,grant,27/06/2016
187,Thalassarche chrysostoma,,3,3.6,,,3.4,3.7,,1,,,,,,69,78,,141,,,c,63,,,,,,,,(7-13),7,13,,OS,,180,218,,30,,,+,95,,,,,grant,27/06/2016
188,Phoebastria irrorata,3.5,,,,3.5,,,,1,,,,,60,,,,167,,,,,,,,0,,,,8.3,,,,,,230,240,,40,,,c,95,,,,,grant,27/06/2016
189,Phoebastria immutabilis,2.85,,,,3.23,,,,1,,,,,65,,,,165,,,,,,,,,,,weeks,8,8,9,,OS,,195,202,,53,,,c,95,,,,,grant,27/06/2016
190,Diomedea exulans,,6,11,,,6,11,,1,,,,,,75,83,,278,,,,56,,,,0,,,,9,7,11,,OS,311,,,,35,,,,96,,,,,grant,27/06/2016
191,Diomedea epomophora,,8,10,,,8,10,,1,,,,SP,,78,80,,241,,,,83,,,,0,,,,(7-11),7,11,,OS,,,,,58,,,+,97,,,,,grant,27/06/2016
192,Phoebetria palpebrata,,2.8,3.1,,,2.8,3.1,,1,,,,,,66,69,,,140,157,,45,,,,,,,,7,,,,OS,218,,,,,,,,97.3,,,,,grant,27/06/2016
193,Diomedea amsterdamensis,,4.8,8,,,4.8,8,,1,,,,,79,,,,235,,,,,,,,,,,,,,,,,300,,,,40,,,c,,94,95,,,grant,27/06/2016
194,Phoebastria nigripes,3,,,,3.4,,,,1,,,,,,64,65,,145.6,,,,,,,,40,,,,4,,,,OS,,193,227,,41,,,,,,,,,grant,27/06/2016
195,Thalassarche chlororhynchos,2.5,,,,,2.4,2.9,,1,,,,,,71,78,,120,,,c,60,,,,,,,,9,,,c,OS,,200,256,,37,,,+,,,,,,grant,27/06/2016
196,Thalassarche cauta,,3.4,3.8,,,4,4.4,,1,,,,,,68,75,,120,,,c,,,,,0,,,,,,,,"NS,OS",,212,256,,,,,,,,,,,grant,27/06/2016
197,Phoebastria albatrus,,,,,,,,,1,,,,,49,,,,180,,,c,,,,,,,,,,,,,,,213,229,,,,,,,,,,,grant,27/06/2016
198,Thalassarche carteri,,,,,,,,,1,,,,,,7,78,,130,,,c,,,,,,,,,9,,,c,OS,,,,,,,,,,,,,,grant,27/06/2016
199,Diomedea sanfordi,,,,,,,,,1,,,,,79,,,,240,,,,,,,,,,,,,,,,,,,,,,,,,,,,,,grant,27/06/2016
200,Diomedea antipodensis,,,,,,,,,1,,,,,,,,,,,,,,,,,,,,,,,,,,,,,,,,,,,,,,,grant,27/06/2016
201,Diomedea dabbenena,,,,,,,,,1,,,,,,,,,,,,,,,,,,,,,,,,,,,,,,,,,,,,,,,grant,27/06/2016
202,Thalassarche eremita,,,,,,,,,1,,,,,,,,,,,,,,,,,,,,,,,,,,,,,,,,,,,,,,,grant,27/06/2016
203,Thalassarche salvini,,,,,,,,,1,,,,,,,,,,,,,,,,,,,,,,,,,,,,,,,,,,,,,,,grant,27/06/2016
204,Thalassarche steadi,,,,,,,,,,,,,,,,,,,,,,,,,,,,,,,,,,,,,,,,,,,,,,,,grant,27/06/2016
205,Dromas ardeola,,,,,,,,,,,,,,,,,,,,,,,,,,,,,,,,,,,,,,,,,,,,,,,,grant,27/06/2016
206,Fregata ariel,,0.78,1.11,,,0.78,1.11,,1,,,,B,50,,,plus minus,,145,179,,,,,,,140,180,,,,,,OS,,175,195,,28,,,,,,,,,grant,27/06/2016
207,Fregata minor,,1.1,1.89,,,0.9,1.35,,1,,,,B,56,51,60,,,160,169,,,,,,,158,428,,(3-7),3,7,,OS,198,,,,35,,,,,,,,,grant,27/06/2016
208,Fregata magnificens,1.67,,,,1.28,,,,1,,,,B,29,58,60,,165,,,,15,,,,150,,,,(5-7),5,7,,OS,229,,,,,,,,,,,,,grant,27/06/2016
209,Fregata aquila,1.25,,,,1.25,,,,1,,,,B,,43,51,,180,,,?,,,,,,90,120,,,,,,OS,,196,201,,,,,,,,,,,grant,27/06/2016
210,Fregata andrewsi,1.55,,,,1.4,,,,1,,,,B,,46,54,,177,,,,,,,,,120,200,,,,,,"NS,OS",,205,230,,,,,,,,,,,grant,27/06/2016
211,Cursorius coromandelicus,,,,,,,,,,,,,,,,,,,,,,,,,,,,,,,,,,,,,,,,,,,,,,,,grant,27/06/2016
212,Cursorius cursor,,,,,,,,,,,,,,,,,,,,,,,,,,,,,,,,,,,,,,,,,,,,,,,,grant,27/06/2016
213,Cursorius rufus,,,,,,,,,,,,,,,,,,,,,,,,,,,,,,,,,,,,,,,,,,,,,,,,grant,27/06/2016
214,Cursorius somalensis,,,,,,,,,,,,,,,,,,,,,,,,,,,,,,,,,,,,,,,,,,,,,,,,grant,27/06/2016
215,Cursorius temminckii,,,,,,,,,,,,,,,,,,,,,,,,,,,,,,,,,,,,,,,,,,,,,,,,grant,27/06/2016
216,Glareola cinerea,,,,,,,,,,,,,,,,,,,,,,,,,,,,,,,,,,,,,,,,,,,,,,,,grant,27/06/2016
217,Glareola lactea,,,,,,,,,,,,,,,,,,,,,,,,,,,,,,,,,,,,,,,,,,,,,,,,grant,27/06/2016
218,Glareola maldivarum,,,,,,,,,,,,,,,,,,,,,,,,,,,,,,,,,,,,,,,,,,,,,,,,grant,27/06/2016
219,Glareola nordmanni,,,,,,,,,,,,,,,,,,,,,,,,,,,,,,,,,,,,,,,,,,,,,,,,grant,27/06/2016
220,Glareola nuchalis,,,,,,,,,,,,,,,,,,,,,,,,,,,,,,,,,,,,,,,,,,,,,,,,grant,27/06/2016
221,Glareola ocularis,,,,,,,,,,,,,,,,,,,,,,,,,,,,,,,,,,,,,,,,,,,,,,,,grant,27/06/2016
222,Glareola pratincola,,,,,,,,,,,,,,,,,,,,,,,,,,,,,,,,,,,,,,,,,,,,,,,,grant,27/06/2016
223,Rhinoptilus bitorquatus,,,,,,,,,,,,,,,,,,,,,,,,,,,,,,,,,,,,,,,,,,,,,,,,grant,27/06/2016
224,Rhinoptilus chalcopterus,,,,,,,,,,,,,,,,,,,,,,,,,,,,,,,,,,,,,,,,,,,,,,,,grant,27/06/2016
225,Rhinoptilus cinctus,,,,,,,,,,,,,,,,,,,,,,,,,,,,,,,,,,,,,,,,,,,,,,,,grant,27/06/2016
226,Smutsornis africanus,,,,,,,,,,,,,,,,,,,,,,,,,,,,,,,,,,,,,,,,,,,,,,,,grant,27/06/2016
227,Stiltia isabella,,,,,,,,,,,,,,,,,,,,,,,,,,,,,,,,,,,,,,,,,,,,,,,,grant,27/06/2016
228,Haematopus ater,,,,,,,,,,,,,,,,,,,,,,,,,,,,,,,,,,,,,,,,,,,,,,,,grant,27/06/2016
229,Haematopus chathamensis,,,,,,,,,,,,,,,,,,,,,,,,,,,,,,,,,,,,,,,,,,,,,,,,grant,27/06/2016
230,Haematopus fuliginosus,,,,,,,,,,,,,,,,,,,,,,,,,,,,,,,,,,,,,,,,,,,,,,,,grant,27/06/2016
231,Haematopus leucopodus,,,,,,,,,,,,,,,,,,,,,,,,,,,,,,,,,,,,,,,,,,,,,,,,grant,27/06/2016
232,Haematopus longirostris,,,,,,,,,,,,,,,,,,,,,,,,,,,,,,,,,,,,,,,,,,,,,,,,grant,27/06/2016
233,Haematopus meadewaldoi,,,,,,,,,,,,,,,,,,,,,,,,,,,,,,,,,,,,,,,,,,,,,,,,grant,27/06/2016
234,Haematopus moquini,,,,,,,,,,,,,,,,,,,,,,,,,,,,,,,,,,,,,,,,,,,,,,,,grant,27/06/2016
235,Haematopus ostralegus,,,,,,,,,,,,,,,,,,,,,,,,,,,,,,,,,,,,,,,,,,,,,,,,grant,27/06/2016
236,Haematopus palliatus,,,,,,,,,,,,,,,,,,,,,,,,,,,,,,,,,,,,,,,,,,,,,,,,grant,27/06/2016
237,Haematopus unicolor,,,,,,,,,,,,,,,,,,,,,,,,,,,,,,,,,,,,,,,,,,,,,,,,grant,27/06/2016
238,Hydrobates leucorhous,,0.04,0.05,,,0.04,0.05,,1,,,,,43.3,37,50,,,56,79,,1.6,,,,0,,,,(3-6),3,6,,OS,,45,48,,36,,,,,79,93,,,grant,27/06/2016
239,Hydrobates homochroa,0.039,,,,0.039,,,,1,,,,,44.8,42,59,,84.4,72,119,,,,,,0,,,,,,,,"NS,OS",,,,,8,,,,,,,,,grant,27/06/2016
240,Hydrobates furcatus,0.06,,,,0.06,,,,1,,,,,40,,,,58,,,,1.5,,,,,,,,,,,,OS,,,,,17,,,,,,,,,grant,27/06/2016
241,Hydrobates microsoma,0.02,,,,0.02,,,,1,,,,,,,,,,,,,,,,,,,,,,,,,,32,,,,,,,,,,,,,grant,27/06/2016
242,Hydrobates matsudairae,,,,,,,,,1,,,,,,,,,,,,,,,,,,,,,,,,,,56,,,,,,,,,,,,,grant,27/06/2016
243,Hydrobates tristrami,,,,,,,,,1,,,,,,,,,,,,,,,,,,,,,,,,,OS,56,,,,,,,,,,,,,grant,27/06/2016
244,Hydrobates castro,,,,,,,,,1,,,,,42,,,,,64,78,,,,,,,,,,,,,,,,44,46,,,,,,,,,,,grant,27/06/2016
245,Hydrobates monorhis,,0.038,0.04,,,0.038,0.04,,1,,,,,,,,,,,,,,,,,,,,,,,,,,,44,46,,,,,,,,,,,grant,27/06/2016
246,Hydrobates melania,,,,,,,,,1,,,,,,,,,,,,,,,,,,,,,,,,,,,46,51,,,,,,,,,,,grant,27/06/2016
247,Hydrobates pelagicus,0.03,,,,0.03,,,,1,,,,,41,,,,66,,,,0.8,,,,0,,,,,,,,OS,,,,,,,,,,,,,,grant,27/06/2016
248,Hydrobates tethys,,,,,,,,,1,,,,,,,,,76,,,,,,,,,,,,,,,,OS,,,,,,,,,,,,,,grant,27/06/2016
249,Hydrobates hornbyi,,,,,,,,,1,,,,,,,,,,,,,,,,,,,,,,,,,OS,,,,,,,,,,,,,,grant,27/06/2016
250,Hydrobates markhami,,,,,,,,,1,,,,,,,,,,,,,,,,,,,,,,,,,OS,,,,,,,,,,,,,,grant,27/06/2016
251,Hydrobates macrodactylus,,,,,,,,,,,,,,,,,,,,,,,,,,,,,,,,,,,,,,,,,,,,,,,,grant,27/06/2016
252,Hydrobates monteiroi,,,,,,,,,,,,,,,,,,,,,,,,,,,,,,,,,,,,,,,,,,,,,,,,grant,27/06/2016
253,Ibidorhyncha struthersii,,,,,,,,,,,,,,,,,,,,,,,,,,,,,,,,,,,,,,,,,,,,,,,,grant,27/06/2016
254,Actophilornis africanus,,,,,,,,,,,,,,,,,,,,,,,,,,,,,,,,,,,,,,,,,,,,,,,,grant,27/06/2016
255,Actophilornis albinucha,,,,,,,,,,,,,,,,,,,,,,,,,,,,,,,,,,,,,,,,,,,,,,,,grant,27/06/2016
256,Hydrophasianus chirurgus,,,,,,,,,,,,,,,,,,,,,,,,,,,,,,,,,,,,,,,,,,,,,,,,grant,27/06/2016
257,Irediparra gallinacea,,,,,,,,,,,,,,,,,,,,,,,,,,,,,,,,,,,,,,,,,,,,,,,,grant,27/06/2016
258,Jacana jacana,,,,,,,,,,,,,,,,,,,,,,,,,,,,,,,,,,,,,,,,,,,,,,,,grant,27/06/2016
259,Jacana spinosa,,,,,,,,,,,,,,,,,,,,,,,,,,,,,,,,,,,,,,,,,,,,,,,,grant,27/06/2016
260,Metopidius indicus,,,,,,,,,,,,,,,,,,,,,,,,,,,,,,,,,,,,,,,,,,,,,,,,grant,27/06/2016
261,Microparra capensis,,,,,,,,,,,,,,,,,,,,,,,,,,,,,,,,,,,,,,,,,,,,,,,,grant,27/06/2016
262,Thalasseus sandvicensis,,0.14,0.3,,,0.14,0.3,,1,1,2,,,24,23,29,,28,27,29,,9.8,,,,,30,120,,4,3,4,,NS,,86,105,,23.5,,,,75,,,,,grant,27/06/2016
263,Anous minutus,,0.098,0.144,,,0.098,0.144,,1,,,,D,34,31,39,,,48,60,,,,,,,30,60,,3,2,4,,NS+,,66,72,,25,,,,75,,,,,grant,27/06/2016
264,Larus dominicanus,0.83,,,,1.05,,,,2.4,,,,,28,,,,61,,,,,,,,,41,54,,4,,,,NS,,152,169,,,,,,81,,,,,grant,27/06/2016
265,Larus occidentalis,1.01,0.08,1.12,,1.01,0.8,1.2,,3,1,3,,,,30,32,,47.5,45,50,,,,,,,30,90,,(4-6),4,6,,NS,,132,144,,28,,,,90,,,,,grant,27/06/2016
266,Sterna paradisaea,0.11,0.08,0.127,,0.11,0.08,0.127,,1.8,1,2,,,23,22,27,,,20,24,,7,,,,7,,,+,3,,,+,NS,,76,85,,34,,,,90,,,,,grant,27/06/2016
267,Larus argentatus,1.044,,,,1.226,,,,3,1,3,,,,30,32,,47.5,45,50,,33,,,,45,,,+,(4-5),4,5,,NS,,135,149,,32,,,,91,,,,,grant,27/06/2016
268,Creagrus furcatus,,0.55,0.74,,,0.63,0.78,,1,,,,,32,29,38,,,60,70,,46,,,,30,,,+,5,2,6,,OS,,,,,,,,,97,,,,,grant,27/06/2016
269,Sterna dougallii,0.11,0.088,0.139,,0.11,0.088,0.139,,2,1,4,,,23.3,21,24,,26,22,30,,7,,,,,7,14,,3,2,4,,NS,,72,80,,25,,,,,74,91,,,grant,27/06/2016
270,Onychoprion anaethetus,0.131,0.093,0.167,,0.131,0.093,0.167,,1,,,,,29,26,33,,60,55,65,,,,,,,20,44,,4,2,5,,"NS,OS",,76,81,,18,,,,,78,83,,,grant,27/06/2016
271,Larus californicus,0.556,,,,0.657,,,,2,2,4,,,35,23,27,,48,42,60,,,,,,,,,yes,(3-4),3,4,,NS,,121,140,,25,,,,,79,92,,,grant,27/06/2016
272,Sternula antillarum,,0.036,0.057,,,0.036,0.057,,2,2,3,,,22,19,25,,20,17,21,,,,,,,26,56,,3 (2),,,,NS,51,,,,24,,,,,80,93,,,grant,27/06/2016
273,Sterna hirundo,0.13,0.097,0.146,,0.13,0.097,0.146,,2.4,1,4,,,24,22,28,,26,,,,8,,,,21,,,+,3.2,2,4,,NS,,72,83,,25,,,,,81,89,,,grant,27/06/2016
274,Larus glaucescens,0.946,,,,1.18,,,,2,1,4,,,,25,28,,,40,53,,,,,,21,,,,5.4,4,7,,NS,,132,146,,24,,,,,83,87,,,grant,27/06/2016
275,Hydroprogne caspia,0.662,,,,0.649,,,,2,1,3,,,27,25,28,,40,35,45,,,,,,90,,,+,3,2,4,,NS,,127,146,,30,,,,,87,91,,,grant,27/06/2016
276,Rissa tridactyla,0.4,0.3,0.5,,0.4,0.3,0.5,,2,1,3,,,26.2,25,28,,41.5,34,58,,20,,,,,,,yes,(3-5),3,5,,NS,104,,,,18,,,,,88,93,,,grant,27/06/2016
277,Larus pipixcan,,0.26,0.28,,,0.26,0.28,,3,2,4,,,24.5,23,26,,,35,40,,,,,,7,,,+,(2-3),2,3,,NS,,85,106,,10,,,,,,,,,grant,27/06/2016
278,Gelochelidon nilotica,,0.15,0.29,,,0.15,0.29,,3,1,5,,,22.5,22,23,,31.5,28,35,,,,,,60,,,,5,,,,ns,,85,103,,15.8,,,,,,,,,grant,27/06/2016
279,Chlidonias niger,0.063,,,,0.064,,,,2.6,1,4,,,20.5,19,23,,22,20,25,,,,,,40,,,,2,2,3,,NS,,57,65,,17,,,,,,,,,grant,27/06/2016
280,Onychoprion fuscatus,0.18,0.14,0.24,,0.18,0.14,0.24,,1,,,,,29,26,33,,60,,,c,,,,,17,,,+,3,3,7,,NS,,57,65,,17,,,,,,,,,grant,27/06/2016
281,Rissa brevirostris,0.38,,,,0.4,,,,1,1,2,,,,25,32,,,37,45,,,,,,,,,yes,,,,,OS,90,,,,19,,,,,,,,,grant,27/06/2016
282,Larus atricilla,0.289,,,,0.327,,,,2.8,2,3,,,24.5,35,50,,42.5,35,50,,,,,,,14,30,,(3-4),3,4,,NS,,102,107,,19,,,,,,,,,grant,27/06/2016
283,Pagophila eburnea,,0.448,0.687,,,0.448,0.687,,1,1,2,,,,24,26,,,30,35,,,,,,,,,yes,(2-3),2,3,,NS,,108,120,,19,,,,,,,,,grant,27/06/2016
284,Rynchops niger,0.25,0.23,0.29,,0.35,0.3,0.37,,4,1,6,,,22.9,21,26,,29,28,30,,,,,,14,,,+,3,,,,NS,,107,127,,20,,,,,,,,,grant,27/06/2016
285,Sterna striata,,,,,,,,,,1,2,,,,,,,,29,35,,,,,,,90,180,,2,,,,,,,,,20,,,,,,,,,grant,27/06/2016
286,Sternula albifrons,,0.05,0.06,,,0.05,0.06,,,2,3,,,,21,24,,,20,24,,,,,,,,,,3 (2),,,,,,47,55,,21,,,,,,,,,grant,27/06/2016
287,Thalasseus maximus,,0.32,0.5,,,0.32,0.5,,1,,,,,,25,31,,30,,,,,,,,200,,,+,(3-4),3,4,,NS,,100,135,,24,,,,,,,,,grant,27/06/2016
288,Larus canus,,0.29,0.55,,,0.29,0.55,,3,1,3,,,,24,26,,,30,35,,,,,,,,,brief,3 (2),,,,,,394,586,,24,,,,,,,,,grant,27/06/2016
289,Larus fuscus,0.83,0.55,1.2,,0.83,0.55,1.2,,2.7,1,3,,,,24,28,,,30,40,,,,,,,,,yes,,,,,,,124,127,,26,,,,,,,,,grant,27/06/2016
290,Onychoprion lunatus,,0.09,0.14,,,0.099,0.165,,1,,,,,30,29,32,,,38,49,,,,,,,,,yes,(4-5),4,5,,NS+,,73,76,,26,,,,,,,,,grant,27/06/2016
291,Larus marinus,1.488,,,,1.829,,,,2.8,2,3,,,,26,32,,,45,55,,,,,,,20,40,,(4-5),4,5,,"NS,OS",169,,,,27,,,,,,,,,grant,27/06/2016
292,Anous stolidus,0.167,,,,0.178,,,,1,,,,D,34.5,33,36,,45,40,56,,6,,,,,30,100,,3,3,7,,NS+,,75,86,,27,,,,,,,,,grant,27/06/2016
293,Larus delawarensis,0.471,,,,0.566,,,,3,2,4,,,25.5,23,29,,,35,40,,24,,,,,,,no?,3,3,4,,NS,,121,127,,32,,,,,,,,,grant,27/06/2016
294,Larus ridibundus,,0.19,0.32,,,0.19,0.32,,2.6,1,3,,,,22,26,,35,,,,,,,,,,,,(2-3),2,3,,NS,,94,110,,32,,,,,,,,,grant,27/06/2016
295,Gygis alba,,0.08,0.16,,,0.08,0.16,,1,,,,D,35.6,33,41,,18.6,31,67,,,,,,,35,60,,"5, 3+",,,,"NS,Os",73,,,,37,,,,,,,,,grant,27/06/2016
296,Sternula balaenarum,0.046,,,,0.046,,,,1,,,,,,18,22,,20,,,,,,,,75,,,,,,,,,51,,,,,,,,,,,,,grant,27/06/2016
297,Larus belcheri,,,,,,,,,3,,,,,,,,,,,,,,,,,,,,,,,,,,120,,,,,,,,,,,,,grant,27/06/2016
298,Larus armenicus,,0.95,1.05,,,,,,3,,,,,,,,,,,,,,,,,,,,,,,,,,140,,,,,,,,,,,,,grant,27/06/2016
299,Larus cirrocephalus,,0.25,0.33,,,0.25,0.33,,,2,3,,,,,,,,,,,,,,,,,,,,,,,,,100,105,,,,,,,,,,,grant,27/06/2016
300,Thalasseus bergii,,0.32,0.4,,,0.32,0.4,,,1,2,,,,25,30,,,35,41,,,,,,80,,,+,,,,,NS,,100,130,,,,,,,,,,,grant,27/06/2016
301,Larus genei,,0.22,0.35,,,0.22,0.35,,,2,3,,,22,,,,,30,37,,,,,,,,,,(2-3),2,3,,,,102,110,,,,,,,,,,,grant,27/06/2016
302,Rynchops albicollis,,,,,,,,,3,2,4,,,21,,,c,,,,,,,,,,,,,,,,,,,102,114,,,,,,,,,,,grant,27/06/2016
303,Larus leucophthalmus,,0.27,0.41,,,0.27,0.41,,,2,3,,,,,,,,,,,,,,,,,,,,,,,,,110,115,,,,,,,,,,,grant,27/06/2016
304,Larus heermanni,,0.37,0.64,,,0.37,0.64,,,1,2,,,,,,,45,,,,,,,,,,,,4,,,,,,117,124,,,,,,,,,,,grant,27/06/2016
305,Larus glaucoides,,0.56,0.86,,,0.56,0.86,,,2,3,,,,,,,,,,,,,,,,,,,,,,,,,125,130,,,,,,,,,,,grant,27/06/2016
306,Larus crassirostris,,0.43,0.64,,,0.43,0.64,,,2,3,,,,24,25,,,35,40,,,,,,,,,,,,,,,,126,128,,,,,,,,,,,grant,27/06/2016
307,Larus atlanticus,,0.9,0.96,,,0.9,0.96,,,2,3,,,,,,,,,,,,,,,,,,yes,,,,,,,130,140,,,,,,,,,,,grant,27/06/2016
308,Larus schistisagus,,1.05,1.69,,,1.05,1.69,,3,1,4,,,,28,30,,,40,45,,,,,,,,,,,,,,,,132,148,,,,,,,,,,,grant,27/06/2016
309,Larus pacificus,,0.9,1.18,,,0.9,1.18,,3,,,,,,23,26,,,,,,,,,,,,,,,,,,,,137,157,,,,,,,,,,,grant,27/06/2016
310,Larus cachinnans,,0.8,1.5,,,0.8,1.5,,2.7,1,3,,,,26,29,,,42,49,,,,,,,,,,,,,,,,140,155,,,,,,,,,,,grant,27/06/2016
311,Larus hyperboreus,,1.07,1.82,,,1.07,1.82,,,2,3,,,,26,30,,49,,,,,,,,26,,,+,,,,,,,142,152,,,,,,,,,,,grant,27/06/2016
312,Larus livens,1.32,1.1,1.4,,1.32,1.1,1.4,,2.7,1,4,,,28,24,30,,37,30,45,,,,,,,30,90,,(4-5),4,5,,NS,,142,155,,,,,,,,,,,grant,27/06/2016
313,Larus ichthyaetus,,0.9,2,,,0.9,2,,2.9,1,3,,,25,,,,,,,,,,,,40,,,,(4-5),4,5,,,,155,170,,,,,,,,,,,grant,27/06/2016
314,Sternula nereis,0.057,,,,0.057,,,,1.7,1,2,,,,20,25,,,,,,,,,,,,,,,,,,,,45,51,,,,,,,,,,,grant,27/06/2016
315,Procelsterna cerulea,0.045,0.041,0.069,,0.045,0.041,0.069,,1,,,,,,,,,,,,,,,,,,,,,1,,,?,,,46,60,,,,,,,,,,,grant,27/06/2016
316,Procelsterna albivitta,,,,,,,,,1,,,,,,,,,,32,45,,,,,,,,,,,,,,,,46,60,,,,,,,,,,,grant,27/06/2016
317,Sternula saundersi,,0.04,0.05,,,0.04,0.05,,2,,,,,,,,,,,,,,,,,,,,,,,,,,,50,55,,,,,,,,,,,grant,27/06/2016
318,Chlidonias albostriatus,,0.097,0.12,,,0.097,0.12,,1,,,,,35,,,c,55,,,c,,,,,,,,,,,,,,,58,63,,,,,,,,,,,grant,27/06/2016
319,Chlidonias leucopterus,0.066,0.042,0.079,,0.066,0.042,0.079,,2.8,2,3,,,,18,22,,,20,25,,,,,,,,,,2,,,,,,58,67,,,,,,,,,,,grant,27/06/2016
320,Chlidonias hybrida,,0.06,0.101,,,0.06,0.101,,,2,3,,,,18,20,,23,,,,,,,,,,,yes,,,,,,,64,70,,,,,,,,,,,grant,27/06/2016
321,Sterna forsteri,,0.13,0.19,,,0.13,0.19,,2.8,2,3,,,,23,26,,,,,,,,,,,,,,,,,,,,73,82,,,,,,,,,,,grant,27/06/2016
322,Sterna vittata,0.15,,,,0.15,,,,1,1,2,,,,23,25,,,27,32,,,,,,,,,,,,,,,,74,79,,,,,,,,,,,grant,27/06/2016
323,Onychoprion aleuticus,0.12,0.08,0.14,,0.12,0.08,0.14,,2,1,3,,,22.5,20,27,,28,25,31,,,,,,14,,,+,3,,,+,NS+,,75,80,,,,,,,,,,,grant,27/06/2016
324,Sterna trudeaui,,0.15,0.16,,,0.15,0.16,,3,2,4,,,,,,,,,,,,,,,,,,,,,,,,,76,70,,,,,,,,,,,grant,27/06/2016
325,Thalasseus elegans,0.26,0.2,0.33,,0.26,0.2,0.33,,1,,,,,26,23,33,,35,,,,,,,,120,,,,3,,,,"NS,OS",,76,81,,,,,,,,,,,grant,27/06/2016
326,Sterna repressa,,0.113,0.142,,,0.113,0.142,,,2,3,,,,,,,,,,,,,,,,,,yes,,,,,,,78,83,,,,,,,,,,,grant,27/06/2016
327,Larus philadelphia,,0.17,0.23,,,0.17,0.23,,2,,,,,,22,25,,,,,,,,,,,,,,(2-3),2,3,,,,78,84,,,,,,,,,,,grant,27/06/2016
328,Sterna aurantia,,,,,,,,,3,3,4,,,,,,,,,,,,,,,21,,,,2,,,,,,80,85,,,,,,,,,,,grant,27/06/2016
329,Xema sabini,,0.13,0.22,,,0.13,0.22,,2,1,3,,,,23,25,,,58,65,,,,,,,,,yes,,,,,,,81,87,,,,,,,,,,,grant,27/06/2016
330,Sterna hirundinacea,,0.17,0.19,,,0.17,0.19,,,2,3,,,27,,,,,,,,,,,,,,,,,,,,,,84,86,,,,,,,,,,,grant,27/06/2016
331,Thalasseus bengalensis,,0.18,0.24,,,0.18,0.24,,1,,,,,,21,26,,,30,35,,,,,,90,,,+,,,,,,,88,105,,,,,,,,,,,grant,27/06/2016
332,Larus hartlaubii,,0.23,0.34,,,0.23,0.34,,,1,3,,,25,,,c,40,,,c,8,,,,,,,,3,,,,,,89,92,,,,,,,,,,,grant,27/06/2016
333,Rhodostethia rosea,,0.12,0.25,,,0.12,0.25,,3,,3,,,,19,21,,21,,,,,,,,,,,,,,,,,,89,92,,,,,,,,,,,grant,27/06/2016
334,Larus novaehollandiae,,0.26,0.35,,,0.26,0.35,,,,,,D,,,,,,,,,,,,,,,,,,,,,NS,,91,96,,,,,,,,,,,grant,27/06/2016
335,Larus melanocephalus,,0.21,0.39,,,0.21,0.39,,,2,3,,,,23,26,,,35,40,,,,,,,,,,,,,,,,98,105,,,,,,,,,,,grant,27/06/2016
336,Rynchops flavirostris,,0.111,0.204,,,0.111,0.204,,2.6,2,3,,,21,,,c,28,,,c,,,,,,,,,,,,,,106,,,c,,,,,,,,,,grant,27/06/2016
337,Sterna virgata,0.13,,,,0.13,,,,1,1,2,,,24,,,,35,31,39,,,,,,20,,,up to 20,,,,,,71,,,c,,,,,,,,,,grant,27/06/2016
338,Larus scoresbii,0.52,,,,0.52,,,,2,2,3,,,,24,27,,,,,,,,,,,,,,,,,,NS,89,,,c,,,,,,,,,,grant,27/06/2016
339,Larus relictus,,0.42,0.66,,,0.42,0.66,,2.6,2,3,,,,24,26,,,,,,,,,,,,,,3,,,,,,,,,,,,,,,,,,grant,27/06/2016
340,Hydrocoloeus minutus,,0.1,0.156,,,0.1,0.156,,2.7,1,3,,,,21,22,,28,,,?,,,,,14,,,+,(2-3),2,3,,NS,,,,,,,,,,,,,,grant,27/06/2016
341,Larus fuliginosus,,,,,,,,,2,,,,,33,,,,60,,,,,,,,28,,,,,,,,,,,,,,,,,,,,,,grant,27/06/2016
342,Larus audouinii,,0.58,0.77,,,0.58,0.77,,3,1,4,,,,26,33,,,35,40,,,,,,75,,,,,,,,,,,,,,,,,,,,,,grant,27/06/2016
343,Larosterna inca,0.189,0.18,0.21,,0.189,0.18,0.21,,2,,,,,,,,,28,,,c,,,,,28,,,+,,,,,,,,,,,,,,,,,,,grant,27/06/2016
344,Phaetusa simplex,,0.208,0.247,,,0.208,0.247,,2.3,2,3,,,,,,,,,,,,,,,,,,yes,,,,,,,,,,,,,,,,,,,grant,27/06/2016
345,Sterna sumatrana,,0.098,0.11,,,0.098,0.11,,1.8,1,3,,,,21,23,,24,,,,,,,,,,,,,,,,NS,,,,,,,,,,,,,,grant,27/06/2016
346,Larus modestus,,0.36,0.4,,,0.36,0.4,,,1,3,,,,29,31,,40,,,,,,,,,,,,,,,,,,,,,,,,,,,,,,grant,27/06/2016
347,Larus hemprichii,,0.4,0.51,,,0.4,0.51,,,1,3,,,25,,,,,,,,,,,,,,,,,,,,,,,,,,,,,,,,,,grant,27/06/2016
348,Sternula lorata,,,,,,,,,,1,2,,,,22,23,,,,,,,,,,,,,,,,,,,,,,,,,,,,,,,,grant,27/06/2016
349,Larus brunnicephalus,,0.45,0.71,,,0.45,0.71,,3,1,4,,,24,,,c,,,,,,,,,,,,,,,,,,,,,,,,,,,,,,,grant,27/06/2016
350,Gygis microrhyncha,,,,,,,,,1,,,,,35,,,c,,,,,,,,,,,,,,,,,,,,,,,,,,,,,,,grant,27/06/2016
351,Larus serranus,0.48,,,,0.48,,,,,2,3,,,,,,,,,,,,,,,,,,,,,,,,,,,,,,,,,,,,,grant,27/06/2016
352,Sternula superciliaris,,0.04,0.057,,,0.04,0.057,,1.9,1,3,,,,,,,,,,,,,,,,,,,,,,,,,,,,,,,,,,,,,grant,27/06/2016
353,Sterna acuticauda,,,,,,,,,3,2,3,,,,,,,,,,,,,,,,,,,,,,,,,,,,,,,,,,,,,grant,27/06/2016
354,Saundersilarus saundersi,,,,,,,,,3,,,,SP,,,,,,,,,,,,,,,,,,,,,,,,,,,,,,,,,,,grant,27/06/2016
355,Anous tenuirostris,,,,,,,,,,,,,,,,,,,,,,,,,,,,,,,,,,,,,,,,,,,,,,,,grant,27/06/2016
356,Larus bulleri,,0.19,0.27,,,0.19,0.27,,,,,,,,,,,,,,,,,,,,,,,,,,,,,,,,,,,,,,,,,grant,27/06/2016
357,Larus maculipennis,,0.29,0.36,,,0.29,0.36,,,,,,,,,,,,,,,,,,,,,,,,,,,,,,,,,,,,,,,,,grant,27/06/2016
358,Gelochelidon macrotarsa,,,,,,,,,,,,,,,,,,,,,,,,,,,,,,,,,,,,,,,,,,,,,,,,grant,27/06/2016
359,Larus michahellis,,,,,,,,,,,,,,,,,,,,,,,,,,,,,,,,,,,,,,,,,,,,,,,,grant,27/06/2016
360,Larus smithsonianus,,,,,,,,,,,,,,,,,,,,,,,,,,,,,,,,,,,,,,,,,,,,,,,,grant,27/06/2016
361,Larus thayeri,,,,,,,,,,,,,,,,,,,,,,,,,,,,,,,,,,,,,,,,,,,,,,,,grant,27/06/2016
362,Thalasseus bernsteini,,,,,,,,,,,,,,,,,,,,,,,,,,,,,,,,,,,,,,,,,,,,,,,,grant,27/06/2016
363,Oceanites oceanicus,,0.03,0.04,,,0.03,0.04,,1,,,,,,33,53,,,51,97,,2.8,,,,0,,,,4,4,5,,OS,39,,,,,,,,91,,,,,grant,27/06/2016
364,Garrodia nereis,,0.03,0.04,,,0.03,0.04,,1,,,,,,40,45,,75,,,,,,,,,,,,,,,,OS,39,,,,,,,,,,,,,grant,27/06/2016
365,Pelagodroma marina,,0.04,0.07,,,0.04,0.07,,1,,,,,,45,49,,,52,80,,2.2,,,,0,,,,,,,,OS,43,,,,,,,,,,,,,grant,27/06/2016
366,Fregetta grallaria,,0.04,0.06,,,0.04,0.06,,1,,,,,40,,,,68,,,,,,,,,,,,,,,,OS,45,,,,,,,,,,,,,grant,27/06/2016
367,Fregetta tropica,,0.05,0.06,,,0.05,0.06,,1,,,,,,35,44,,,55,71,,,,,,0,,,,,,,,OS,46,,,,,,,,,,,,,grant,27/06/2016
368,Nesofregetta fuliginosa,,0.055,0.115,,,0.055,0.115,,1,,,,,,,,,,,,,,,,,,,,,,,,,OS,,,,,,,,,,,,,,grant,27/06/2016
369,Oceanites gracilis,,,,,,,,,1,,,,,,,,,,,,,,,,,,,,,,,,,,,,,,,,,,,,,,,grant,27/06/2016
370,Fregetta maoriana,,,,,,,,,,,,,,,,,,,,,,,,,,,,,,,,,,,,,,,,,,,,,,,,grant,27/06/2016
371,Oceanites pincoyae,,,,,,,,,,,,,,,,,,,,,,,,,,,,,,,,,,,,,,,,,,,,,,,,grant,27/06/2016
372,Pedionomus torquatus,,,,,,,,,,,,,,,,,,,,,,,,,,,,,,,,,,,,,,,,,,,,,,,,grant,27/06/2016
373,Pelecanus occidentalis,3.2,,,,3.7,,,,2.6,2,3,,,30,,,,79.5,71,88,,115,,,,,30,84,,3,2,4,,"NS,OS",210,,,,28,,,,80,,,c,,grant,27/06/2016
374,Pelecanus erythrorhynchos,,4,5.9,,,5,7.1,,2,1,4,,,30,,,?,60,,,,,,,,20,,,+,3,,,,,,,,,26,,,,,,,,,grant,27/06/2016
375,Pelecanus conspicillatus,,4,6.8,,,4,6.8,,2,1,4,,,,32,35,,90,,,,,,,,,,,,(4-6),4,6,,"NS,OS",,230,260,,,,,,,,,,,grant,27/06/2016
376,Pelecanus rufescens,,3.9,6.2,,,4.5,7,,,1,3,,,,30,35,,,70,75,,,,,,,10,21,,,,,,,,,,,,,,,,,,,,grant,27/06/2016
377,Pelecanus crispus,,7.25,10,,,9.5,12,,,1,3,,,,31,34,,85,,,,,,,,,15,20,,,,,,NS,,,,,,,,,,,,,,grant,27/06/2016
378,Pelecanus philippensis,4.65,,,,,5.1,5.7,,3,,,,,,29,31,,120,,,?,,,,,,,,,,,,,,,,,,,,,,,,,,,grant,27/06/2016
379,Pelecanus onocrotalus,,6,9,,,9,15,,,2,4,,,,29,31,,,65,70,,,,,,,,,,,,,,"NS,NS+",,,,,,,,,,,,,,grant,27/06/2016
380,Pelecanus thagus,,,,,,,,,,,,,,,,,,,,,,,,,,,,,,,,,,,,,,,,,,,,,,,,grant,27/06/2016
381,Phaethon lepturus,0.32,,,,,0.22,0.36,,1,,,,,42,40,43,,,70,85,,,,,,0,,,,4,,,,OS,,90,95,,,,,,,,,,,grant,27/06/2016
382,Phaethon aethereus,0.7,,,,0.7,,,,1,,,,,,42,44,,,80,90,,,,,,0,,,,,,,,OS,,99,106,,,,,,,,,,,grant,27/06/2016
383,Phaethon rubricauda,,0.5,0.85,,,0.5,0.85,,1,,,,,,29,31,,,65,70,,,,,,,,,,,,,,"NS,NS+",,,,,,,,,,,,,,grant,27/06/2016
384,Phalacrocorax penicillatus,,1.4,2.3,,,2.4,2.7,,2.6,2,5,,,29.2,28,32,,,,,,,,,,,,,yes,3,2,9,,NS+,108,,,,18,,,,74,,,,,grant,27/06/2016
385,Phalacrocorax harrisi,,2.5,2.9,,,3.8,4.1,,,2,4,,,35,,,,60,,,,,,,,,30,90,,,,,,NS,,,,,,,,,87.6,,,,,grant,27/06/2016
386,Phalacrocorax carbo,,2,2.5,,,2,2.5,,,3,6,,,30,28,31,,53,49,56,,,,,,50,,,,3,2,3,,"NS,OS",,130,150,,,,,,88,,,,,grant,27/06/2016
387,Phalacrocorax aristotelis,1.6,,,,1.94,,,,3,1,6,,,34,33,36,,53,48,58,,52,,,,62,,,,(2-3),2,3,,"NS,OS",,,,,,,,,,80,88,,,grant,27/06/2016
388,Phalacrocorax brasilianus,1.07,,,,1.26,,,,3,2,6,,,24.6,23,26,,63,,,,,,,,,,,yes,1,1,3,,NS,,,,,13,,,,,,,,,grant,27/06/2016
389,Phalacrocorax pelagicus,,1.53,1.7,,,1.75,2.03,,3,1,6,,,30,29,31,,45,40,50,,,,,,,,,weeks,2,,,,"NS,OS",95,,,,18,,,,,,,,,grant,27/06/2016
390,Phalacrocorax auritus,,1.8,2.6,,,2,3,,4,1,7,,,,25,28,,,42,56,,,,,,28,,,,2.7,1,4,,NS,,,,,18,,,,,,,,,grant,27/06/2016
391,Phalacrocorax gaimardi,1.3,,,,1.3,,,,3,3,4,,,,,,,,,,,,,,,,,,,,,,,,91,,,,,,,,,,,,,grant,27/06/2016
392,Phalacrocorax magellanicus,,,,,,,,,3,2,4,,,,,,,,,,,,,,,,,,,,,,,NS,92,,,,,,,,,,,,,grant,27/06/2016
393,Phalacrocorax colensoi,,,,,,,,,3,,,,,,26,32,,,,,,,,,,,,,,,,,,"NS,OS",105,,,,,,,,,,,,,grant,27/06/2016
394,Phalacrocorax campbelli,2,,,,,1.6,1.9,,,,,,,,,,,,,,,,,,,,,,,,,,,"NS,OS",105,,,,,,,,,,,,,grant,27/06/2016
395,Phalacrocorax capensis,,1.16,1.31,,,1.16,1.31,,2.4,2,3,,,,22,28,,49,,,,,,,,,,,,3,,,,NS,109,,,,,,,,,,,,,grant,27/06/2016
396,Phalacrocorax verrucosus,,1.7,2,,,1.7,2,,,2,4,,,,,,,,,,,,,,,,,,,,,,,,110,,,,,,,,,,,,,grant,27/06/2016
397,Phalacrocorax urile,,1.55,2.05,,,1.9,2.27,,,2,4,,,33,32,34,,59,54,64,,,,,,,,,,3,,,,"NS,OS",122,,,,,,,,,,,,,grant,27/06/2016
398,Phalacrocorax neglectus,1.8,,,,1.8,,,,2,1,3,,,,29,30,,,,,,,,,,,,,,,,,,NS,132,,,,,,,,,,,,,grant,27/06/2016
399,Phalacrocorax nigrogularis,,,,,,,,,,2,4,,,,,,,,,,,,,,,,,,,,,,,NS,,102,110,,,,,,,,,,,grant,27/06/2016
400,Phalacrocorax atriceps,,1.5,2.4,,,1.7,3.5,,2.7,1,3,,,28.8,,,,77.5,75,80,,,,,,,,,,(2-4),2,4,,NS,,110,125,,,,,,,,,,,grant,27/06/2016
401,Phalacrocorax varius,,1.1,1.9,,,1.5,2.9,,,2,4,,,,25,33,,,47,60,,,,,,,,,,,,,,OS,,110,130,,,,,,,,,,,grant,27/06/2016
402,Microcarbo africanus,,0.43,0.6,,,0.5,0.88,,2.3,,4,,,,23,25,,32,,,,,,,,,,,,,,,,NS+,,80,90,,,,,,,,,,,grant,27/06/2016
403,Microcarbo pygmaeus,,0.56,0.64,,,0.65,0.87,,,4,6,,,,27,30,,70,,,,,,,,,,,,,,,,NS,,80,90,,,,,,,,,,,grant,27/06/2016
404,Microcarbo melanoleucos,,0.4,0.9,,,0.7,0.9,,,3,5,,,,,,,,,,,,,,,,,,,,,,,ns,,85,91,,,,,,,,,,,grant,27/06/2016
405,Phalacrocorax punctatus,,0.7,1.6,,,0.9,1.7,,2.7,2,4,,,32,28,35,,62,57,71,,,,,,,,,,2,,,,"NS,OS",,91,99,,,,,,,,,,,grant,27/06/2016
406,Phalacrocorax fuscescens,,,,,,,,,,2,3,,,,,,,,,,,,,,,,,,,,,,,NS,,93,102,,,,,,,,,,,grant,27/06/2016
407,Phalacrocorax sulcirostris,,0.5,1.2,,,0.5,1.2,,,4,6,,,,,,,,,,,,,,,,,,,,,,,,,95,105,,,,,,,,,,,grant,27/06/2016
408,Phalacrocorax capillatus,3.1,,,,3.1,,,,3,,,,,34,,,,40,,,,,,,,,,,,,,,,NS,,,,,,,,,,,,,,grant,27/06/2016
409,Microcarbo coronatus,,0.67,0.78,,,0.48,0.88,,,1,5,,,23,,,,,30,35,,,,,,,,,,,,,,NS,,,,,,,,,,,,,,grant,27/06/2016
410,Phalacrocorax onslowi,1.79,,,,2.4,,,,3,,,,,,,,,,,,,,,,,,,,,,,,,NS,,,,,,,,,,,,,,grant,27/06/2016
411,Phalacrocorax carunculatus,2.5,,,,2.5,,,,,1,3,,,,,,,,,,,,,,,,,,,,,,,NS,,,,,,,,,,,,,,grant,27/06/2016
412,Phalacrocorax chalconotus,,1.79,3.88,,,1.79,3.88,,,2,3,,,,,,,,,,,,,,,,,,,,,,,NS,,,,,,,,,,,,,,grant,27/06/2016
413,Phalacrocorax ranfurlyi,,2.3,2.9,,,2.3,2.9,,,2,3,,,,,,,,,,,,,,,,,,,,,,,"NS,OS",,,,,,,,,,,,,,grant,27/06/2016
414,Microcarbo niger,,0.36,0.53,,,0.36,0.53,,,3,5,,,,,,,,,,,,,,,,,,,,,,,NS,,,,,,,,,,,,,,grant,27/06/2016
415,Phalacrocorax fuscicollis,,0.6,0.79,,,0.6,0.79,,,3,6,,,,,,,,,,,,,,,,,,,,,,,,,,,,,,,,,,,,,grant,27/06/2016
416,Phalacrocorax bougainvilliorum,,,,,,,,,3,2,3,,,,,,,,,,,,,,,,,,,,,,,"NS,OS",,,,,,,,,,,,,,grant,27/06/2016
417,Phalacrocorax featherstoni,,0.645,1.33,,,0.645,1.33,,3,,,?,,,,,,,,,,,,,,,,,,,,,,"NS,OS",,,,,,,,,,,,,,grant,27/06/2016
418,Phalacrocorax perspicillatus,,,,,,,,,,,,,,,,,,,,,,,,,,,,,,,,,,,,,,,,,,,,,,,,grant,27/06/2016
419,Pluvianellus socialis,,,,,,,,,,,,,,,,,,,,,,,,,,,,,,,,,,,,,,,,,,,,,,,,grant,27/06/2016
420,Pluvianus aegyptius,,,,,,,,,,,,,,,,,,,,,,,,,,,,,,,,,,,,,,,,,,,,,,,,grant,27/06/2016
421,Pterodroma pycrofti,,0.13,0.2,,,0.13,0.2,,1,,,,,45,,,,80,,,,,,,,,,,,,,,,,,53,66,,,,,,72,,,,,grant,27/06/2016
422,Procellaria aequinoctialis,1.28,,,,1.39,,,,1,,,,,,57,62,,,87,106,,24,,,,,,,,6.5,,,,OS,,134,147,,,,,,79,,,,,grant,27/06/2016
423,Pachyptila salvini,,0.12,0.21,,,0.12,0.21,,1,,,,,,44,55,,,52,63,,6.9,,,,,,,,,,,,,59,,,,,,,,84,,,,,grant,27/06/2016
424,Thalassoica antarctica,0.69,,,,0.81,,,,1,,,,,,40,45,,,42,62,,,,,,,,,,,,,,"NS,OS",104,,,,,,,,90,,,,,grant,27/06/2016
425,Puffinus newelli,0.39,0.34,0.43,,0.39,0.34,0.43,,1,,,,,,47,66,,,,,,,,,,0,,,,(4-7),4,7,,OS,,,,,,,,,90,,,,,grant,27/06/2016
426,Puffinus puffinus,,0.35,0.58,,,0.3,0.45,,1,,,,,51.3,47,66,,69,92,76,,12,,,,0,,,,6,,,,OS,79,,,,5,,,,93,,,,,grant,27/06/2016
427,Pagodroma nivea,,0.24,0.46,,,0.24,0.46,,1,,,,,,41,49,,,41,55,,17,,,,0,,,,(3-7),3,7,,"NS,OS",83,,,,,,,,93,,,,,grant,27/06/2016
428,Pterodroma phaeopygia,0.43,,,,0.43,,,,1,,,,,55.3,,,,,110,119,,10,,,,0,,,,5,5,6,,OS,91,,,,,,,,93,,,,,grant,27/06/2016
429,Ardenna grisea,,0.63,0.95,,,0.63,0.95,,1,,,,,52.7,,,,97,,,,17,,,,0,,,,(5-7),5,7,,OS,103,,,,,,,,93,,,,,grant,27/06/2016
430,Pterodroma sandwichensis,0.45,0.33,0.63,,0.45,0.33,0.63,,1,,,,,55.3,,,,,100,119,,,,,,0,,,,(5-6),5,6,,OS,,,,,,,,,93,,,,,grant,27/06/2016
431,Daption capense,,0.36,0.51,,,0.38,0.55,,1,,,,,,44,47,,,47,68,,16,,,,0,,,,6,,,,OS,87,,,,25,,,,94,,,,,grant,27/06/2016
432,Procellaria parkinsoni,0.68,,,,0.72,,,,1,,,,,56,,,,,96,122,,,,,,0,,,,(6-8),6,8,,OS,115,,,,,,,,94,,,,,grant,27/06/2016
433,Bulweria bulwerii,0.99,,,,0.99,,,,1,,,,,44.2,38,46,,62,57,67,,,,,,0,,,,(4-6),4,6,,OS,,65,73,,,,,,94.7,,,,,grant,27/06/2016
434,Calonectris borealis,0.82,,,,0.96,,,,1,,,,,54,,,,97,,,,14,,,,0,,,,9,,,,OS,,,,,,,,,95.6,,,,,grant,27/06/2016
435,Pelecanoides urinatrix,,0.11,0.15,,,0.11,0.15,,1,,,,,53.5,,,,,49,55,,4.3,,,,0,,,,(2-3),2,3,,NS,43,,,,,,,,,75,87,,,grant,27/06/2016
436,Fulmarus glacialoides,,0.7,1,,,0.7,1,,1,,,,,,43,50,,,48,56,,32,,,,,,,,(9-11),9,11,,OS,106,,,,,,,,,90,95,,,grant,27/06/2016
437,Macronectes giganteus,3.94,,,,5.19,,,,1,,,,,,59,66,,,112,123,,79,,,,0,,,,(4-10),4,10,,OS,,150,210,,,,,,,90,96,,,grant,27/06/2016
438,Fulmarus glacialis,0.58,,,,0.65,,,,1,,,,,48.4,,,,53,,,,31,,,,0,,,,5,5,12,,OS,,102,112,,31,,,c,,94,97,,,grant,27/06/2016
439,Pterodroma hypoleuca,0.24,0.152,0.308,,0.24,0.152,0.308,,1,,,,,49,,,,82,77,89,,,,,,,,,,,,,,OS,,63,71,,21,,,,,,,,,grant,27/06/2016
440,Ardenna pacifica,,0.3,0.57,,,0.3,0.57,,1,,,,,,48,56,,,98,115,,10,,,,0,,,,,,,,OS,,97,105,,26,,,,,,,,,grant,27/06/2016
441,Pterodroma longirostris,,,,,,,,,1,,,,,,,,,,,,,,,,,,,,,,,,,OS,53,,,,,,,,,,,,,grant,27/06/2016
442,Pachyptila turtur,,0.11,0.16,,,0.12,0.18,,1,,,,,,44,54,,50,,,,6.6,,,,,,,,(4-5),4,5,,NS,56,,,,,,,,,,,,,grant,27/06/2016
443,Pachyptila crassirostris,,0.1,0.19,,,0.1,0.19,,1,,,,,,,,,,,,,,,,,,,,,,,,,NS,60,,,,,,,,,,,,,grant,27/06/2016
444,Pachyptila vittata,,0.17,0.24,,,0.17,0.24,,1,,,,,56,,,,,50,53,,,,,,,,,,,,,,OS,61,,,,,,,,,,,,,grant,27/06/2016
445,Pachyptila desolata,,0.1,0.19,,,0.1,0.19,,1,,,,,,44,46,,51,,,,6.9,,,,5,3,6,,,,,,OS,63,,,,,,,,,,,,,grant,27/06/2016
446,Pterodroma cookii,0.19,,,,0.19,,,,1,,,,,,47,51,,88,,,,,,,,,,,,,,,,OS,65,,,,,,,,,,,,,grant,27/06/2016
447,Pterodroma leucoptera,,0.17,0.22,,,0.17,0.22,,1,,,,,,42,49,,,77,84,,,,,,,,,,,,,,OS,70,,,,,,,,,,,,,grant,27/06/2016
448,Puffinus gavia,,0.23,0.42,,,0.23,0.42,,1,,,,,,,,,,,,,,,,,,,,,,,,,"NS,OS",76,,,,,,,,,,,,,grant,27/06/2016
449,Pterodroma alba,0.27,,,,0.27,,,,1,,,,,,,,,,,,,,,,,,,,,,,,,NS,83,,,,,,,,,,,,,grant,27/06/2016
450,Pseudobulweria rostrata,,,,,,,,,1,,,,,,,,,,,,,,,,,,,,,,,,,,84,,,,,,,,,,,,,grant,27/06/2016
451,Pterodroma cahow,,,,,,,,,1,,,,,52,,,,92,,,,,,,,,,,,,,,,OS,89,,,,,,,,,,,,,grant,27/06/2016
452,Pterodroma neglecta,,0.37,0.59,,,0.37,0.59,,1,,,,,,50,52,,,110,130,,,,,,,,,,,,,,NS,92,,,,,,,,,,,,,grant,27/06/2016
453,Ardenna tenuirostris,,0.47,0.64,,,0.51,0.73,,1,,,,,,52,55,,94,,,,13,,,,0,,,,6,5,7,,OS,93,,,,,,,,,,,,,grant,27/06/2016
454,Pterodroma hasitata,,,,,,,,,1,,,,,,51,54,,,90,100,,,,,,,,,,,,,,OS,95,,,,,,,,,,,,,grant,27/06/2016
455,Pterodroma baraui,0.4,,,,0.4,,,,1,,,,,,,,,,,,,,,,,,,,,,,,,,96,,,,,,,,,,,,,grant,27/06/2016
456,Pterodroma ultima,,,,,,,,,1,,,,,,,,,,,,,,,,,,,,,,,,,OS?,97,,,,,,,,,,,,,grant,27/06/2016
457,Pterodroma cervicalis,,0.38,0.54,,,0.38,0.54,,1,,,,,,,,,,100,115,,,,,,,,,,,,,,,100,,,,,,,,,,,,,grant,27/06/2016
458,Pterodroma incerta,,,,,,,,,1,,,,,,,,,,,,,,,,,,,,,,,,,OS?,100,,,,,,,,,,,,,grant,27/06/2016
459,Pterodroma magentae,,0.42,0.51,,,0.42,0.51,,1,,,,,52,,,,90,,,?,,,,,,,,,,,,,,102,,,,,,,,,,,,,grant,27/06/2016
460,Pterodroma lessonii,,0.58,0.81,,,0.58,0.81,,1,,,,,60,,,plus minus,112,,,,13,,,,,,,,5.5,,,,OS,109,,,,,,,,,,,,,grant,27/06/2016
461,Ardenna creatopus,,,,,,,,,1,,,,,,,,,,,,,,,,,,,,,,,,,,109,,,,,,,,,,,,,grant,27/06/2016
462,Calonectris leucomelas,,0.44,0.55,,,0.44,0.55,,1,,,,,64,,,,,66,80,,,,,,,,,,,,,,,122,,,,,,,,,,,,,grant,27/06/2016
463,Macronectes halli,3.8,,,,5,,,,1,,,,,,57,62,,,106,120,,66,,,,,,,,(4-11),4,11,,NS,199,,,,,,,,,,,,,grant,27/06/2016
464,Ardenna gravis,,0.72,0.95,,,0.72,0.95,,1,,,,,,53,57,,105,,,,,,,,,,,,,,,,,,100,118,,,,,,,,,,,grant,27/06/2016
465,Procellaria cinerea,1.13,,,,1.13,,,,1,,,,,,52,61,,93,110,120,,18,,,,,,,,7,,,,OS,,115,130,,,,,,,,,,,grant,27/06/2016
466,Procellaria westlandica,,1.1,1.2,,,1.2,1.3,,1,,,,,,51,68,,130,,,,,,,,0,,,,12,,,,OS,,135,140,,,,,,,,,,,grant,27/06/2016
467,Pelecanoides georgicus,,0.09,0.15,,,0.09,0.15,,1,,,,,,44,52,,,42,60,,4.8,,,,,,,,2,,,,NSD,,30,38,,,,,,,,,,,grant,27/06/2016
468,Puffinus assimilis,0.18,,,,0.26,,,,1,,,,,,52,58,,,70,75,,,,,,,,,,,,,,os,,55,67,,,,,,,,,,,grant,27/06/2016
469,Pachyptila belcheri,,0.12,0.18,,,0.12,0.18,,1,,,,,,43,47,,,43,69,,6.5,,,,,,,,6.7,,,,NS+,,56,59,,,,,,,,,,,grant,27/06/2016
470,Halobaena caerulea,,0.13,0.23,,,0.13,0.23,,1,,,,,,45,49,,,48,60,,7.2,,,,,,,,,,,,NS,,62,71,,,,,,,,,,,grant,27/06/2016
471,Pterodroma axillaris,0.2,,,,0.2,,,,1,,,,,,10,15,,,,,,,,,,,,,,,,,,,,63,71,,,,,,,,,,,grant,27/06/2016
472,Pterodroma nigripennis,,0.17,0.21,,,0.17,0.2,,1,,,,,,,,,,,,,,,,,,,,,,,,,OS,,63,71,,,,,,,,,,,grant,27/06/2016
473,Puffinus lherminieri,,0.15,0.23,,,0.15,0.23,,1,,,,,,49,51,,,62,75,,,,,,,,,,8,,,,NS+,,64,74,,,,,,,,,,,grant,27/06/2016
474,Pterodroma defilippiana,,,,,,,,,1,,,,,,,,,,,,,,,,,,,,,,,,,,66,,,?,,,,,,,,,,grant,27/06/2016
475,Puffinus nativitatis,,0.32,0.34,,,0.32,0.34,,1,,,,,,50,54,,96,,,,,,,,,,,,,,,,,,71,81,,,,,,,,,,,grant,27/06/2016
476,Puffinus huttoni,0.37,,,,0.37,,,,1,,,,,,50,60,,80,,,,,,,,,,,,(4-6),4,6,,"NS,OS",,72,78,,,,,,,,,,,grant,27/06/2016
477,Bulweria fallax,,,,,,,,,1,,,,,,,,,,,,,,,,,,,,,,,,,,,76,83,,,,,,,,,,,grant,27/06/2016
478,Puffinus opisthomelas,0.41,,,,0.41,,,,1,,,,,50,,,,69,,,,,,,,,,,,,,,,NS,,76,89,,,,,,,,,,,grant,27/06/2016
479,Puffinus yelkouan,,0.34,0.42,,,0.34,0.42,,1,,,,,52,,,,72,,,,,,,,,,,,,,,,NS,,76,93,,,,,,,,,,,grant,27/06/2016
480,Pterodroma inexpectata,,0.24,0.44,,,0.24,0.44,,1,,,,,,49,53,,,90,105,,,,,,,,,,,,,,OS,,78,84,,,,,,,,,,,grant,27/06/2016
481,Aphrodroma brevirostris,,0.29,0.36,,,0.29,0.36,,1,,,,,46.51,,,,,59,62,,,,,,0,,,,,,,,OS,,80,88,,,,,,,,,,,grant,27/06/2016
482,Pterodroma mollis,,0.28,0.31,,,0.28,0.31,,1,,,,,50,,,,,90,115,,,,,,0,,,,,,,,OS,,83,95,,,,,,,,,,,grant,27/06/2016
483,Pterodroma feae,,,,,,,,,1,,,,,,,,,,,,,,,,,,,,,,,,,,,83,95,,,,,,,,,,,grant,27/06/2016
484,Pterodroma heraldica,0.32,,,,0.32,,,,1,,,,,,,,,,,,,,,,,,,,,,,,,NS,,88,102,,,,,,,,,,,grant,27/06/2016
485,Pterodroma arminjoniana,,0.29,0.46,,,0.29,0.46,,1,,,,,,,,,,,,,,,,,,,,,,,,,OS,,88,102,,,,,,,,,,,grant,27/06/2016
486,Pterodroma solandri,,0.41,0.43,,,0.44,0.6,,1,,,,,56,,,,,,,,,,,,,,,,,,,,OS,,95,105,,,,,,,,,,,grant,27/06/2016
487,Pterodroma externa,,0.41,0.54,,,0.41,0.54,,1,,,,,,,,,,,,,,,,,,,,,,,,,OS,,95,97,,,,,,,,,,,grant,27/06/2016
488,Pterodroma macroptera,,0.46,0.75,,,0.46,0.75,,1,,,,,,55,57,,125,,,,,,,,0,,,,(6-7),6,7,,OS,,97,102,,,,,,,,,,,grant,27/06/2016
489,Ardenna bulleri,0.41,,,,0.41,,,,1,,,,,51,,,,100,,,,,,,,,,,,,,,,OS,,97,99,,,,,,,,,,,grant,27/06/2016
490,Ardenna carneipes,,0.58,0.75,,,0.58,0.75,,1,,,,,60,,,,92,,,,,,,,,,,,,,,,"NS,OS",,99,107,,,,,,,,,,,grant,27/06/2016
491,Pterodroma caribbaea,,,,,,,,,1,,,,,,,,,,,,,,,,,,,,,,,,,,95,,,c,,,,,,,,,,grant,27/06/2016
492,Puffinus auricularis,0.34,0.32,0.36,,0.34,0.32,0.36,,1,,,,,62,47,66,,92.4,88,100,,,,,,0,,,,(4-7),4,7,,OS,,,,,,,,,,,,,,grant,27/06/2016
493,Puffinus mauretanicus,,,,,,,,,1,,,,,50,,,c,72,,,c,,,,,,,,,,,,,,,,,,,,,,,,,,,grant,27/06/2016
494,Pseudobulweria aterrima,,,,,,,,,1,,,,,,,,,,,,,,,,,,,,,,,,,OS?,,,,,,,,,,,,,,grant,27/06/2016
495,Pseudobulweria macgillivrayi,,,,,,,,,1,,,,,,,,,,,,,,,,,,,,,,,,,,,,,,,,,,,,,,,grant,27/06/2016
496,Pterodroma atrata,,,,,,,,,1,,,,,,,,,,,,,,,,,,,,,,,,,OS,,,,,,,,,,,,,,grant,27/06/2016
497,Pterodroma madeira,,,,,,,,,1,,,,,,,,,,,,,,,,,,,,,,,,,,,,,,,,,,,,,,,grant,27/06/2016
498,Pelecanoides magellani,,,,,,,,,1,,,,,,,,,,,,,,,,,,,,,,,,,NS,,,,,,,,,,,,,,grant,27/06/2016
499,Procellaria conspicillata,,,,,,,,,1,,,,,,,,,,,,,,,,,,,,,,,,,OS,,,,,,,,,,,,,,grant,27/06/2016
500,Pelecanoides garnotii,,,,,,,,,1,,,,,,,,,,,,,,,,,,,,,,,,,NS,,,,,,,,,,,,,,grant,27/06/2016
501,Pseudobulweria becki,,,,,,,,,1,,,,,,,,,,,,,,,,,,,,,,,,,,,,,,,,,,,,,,,grant,27/06/2016
502,Puffinus heinrothi,,,,,,,,,1,,,,,,,,,,,,,,,,,,,,,,,,,,,,,,,,,,,,,,,grant,27/06/2016
503,Pterodroma brevipes,,,,,,,,,1,,,,,,,,,,,,,,,,,,,,,,,,,,,,,,,,,,,,,,,grant,27/06/2016
504,Bulweria bifax,,,,,,,,,,,,,,,,,,,,,,,,,,,,,,,,,,,,,,,,,,,,,,,,grant,27/06/2016
505,Calonectris diomedea,,,,,,,,,,,,,,,,,,,,,,,,,,,,,,,,,,,,,,,,,,,,,,,,grant,27/06/2016
506,Calonectris edwardsii,,,,,,,,,,,,,,,,,,,,,,,,,,,,,,,,,,,,,,,,,,,,,,,,grant,27/06/2016
507,Pterodroma deserta,,,,,,,,,,,,,,,,,,,,,,,,,,,,,,,,,,,,,,,,,,,,,,,,grant,27/06/2016
508,Pterodroma gouldi,,,,,,,,,,,,,,,,,,,,,,,,,,,,,,,,,,,,,,,,,,,,,,,,grant,27/06/2016
509,Pterodroma rupinarum,,,,,,,,,,,,,,,,,,,,,,,,,,,,,,,,,,,,,,,,,,,,,,,,grant,27/06/2016
510,Puffinus bailloni,,,,,,,,,,,,,,,,,,,,,,,,,,,,,,,,,,,,,,,,,,,,,,,,grant,27/06/2016
511,Puffinus bannermani,,,,,,,,,,,,,,,,,,,,,,,,,,,,,,,,,,,,,,,,,,,,,,,,grant,27/06/2016
512,Puffinus bryani,,,,,,,,,,,,,,,,,,,,,,,,,,,,,,,,,,,,,,,,,,,,,,,,grant,27/06/2016
513,Puffinus elegans,,,,,,,,,,,,,,,,,,,,,,,,,,,,,,,,,,,,,,,,,,,,,,,,grant,27/06/2016
514,Puffinus persicus,,,,,,,,,,,,,,,,,,,,,,,,,,,,,,,,,,,,,,,,,,,,,,,,grant,27/06/2016
515,Puffinus subalaris,,,,,,,,,,,,,,,,,,,,,,,,,,,,,,,,,,,,,,,,,,,,,,,,grant,27/06/2016
516,Cladorhynchus leucocephalus,,,,,,,,,,,,,,,,,,,,,,,,,,,,,,,,,,,,,,,,,,,,,,,,grant,27/06/2016
517,Himantopus himantopus,,,,,,,,,,,,,,,,,,,,,,,,,,,,,,,,,,,,,,,,,,,,,,,,grant,27/06/2016
518,Himantopus novaezelandiae,,,,,,,,,,,,,,,,,,,,,,,,,,,,,,,,,,,,,,,,,,,,,,,,grant,27/06/2016
519,Recurvirostra americana,,,,,,,,,,,,,,,,,,,,,,,,,,,,,,,,,,,,,,,,,,,,,,,,grant,27/06/2016
520,Recurvirostra andina,,,,,,,,,,,,,,,,,,,,,,,,,,,,,,,,,,,,,,,,,,,,,,,,grant,27/06/2016
521,Recurvirostra avosetta,,,,,,,,,,,,,,,,,,,,,,,,,,,,,,,,,,,,,,,,,,,,,,,,grant,27/06/2016
522,Recurvirostra novaehollandiae,,,,,,,,,,,,,,,,,,,,,,,,,,,,,,,,,,,,,,,,,,,,,,,,grant,27/06/2016
523,Nycticryphes semicollaris,,,,,,,,,,,,,,,,,,,,,,,,,,,,,,,,,,,,,,,,,,,,,,,,grant,27/06/2016
524,Rostratula australis,,,,,,,,,,,,,,,,,,,,,,,,,,,,,,,,,,,,,,,,,,,,,,,,grant,27/06/2016
525,Rostratula benghalensis,,,,,,,,,,,,,,,,,,,,,,,,,,,,,,,,,,,,,,,,,,,,,,,,grant,27/06/2016
526,Actitis hypoleucos,,,,,,,,,,,,,,,,,,,,,,,,,,,,,,,,,,,,,,,,,,,,,,,,grant,27/06/2016
527,Actitis macularius,,,,,,,,,,,,,,,,,,,,,,,,,,,,,,,,,,,,,,,,,,,,,,,,grant,27/06/2016
528,Arenaria interpres,,,,,,,,,,,,,,,,,,,,,,,,,,,,,,,,,,,,,,,,,,,,,,,,grant,27/06/2016
529,Arenaria melanocephala,,,,,,,,,,,,,,,,,,,,,,,,,,,,,,,,,,,,,,,,,,,,,,,,grant,27/06/2016
530,Bartramia longicauda,,,,,,,,,,,,,,,,,,,,,,,,,,,,,,,,,,,,,,,,,,,,,,,,grant,27/06/2016
531,Calidris acuminata,,,,,,,,,,,,,,,,,,,,,,,,,,,,,,,,,,,,,,,,,,,,,,,,grant,27/06/2016
532,Calidris alba,,,,,,,,,,,,,,,,,,,,,,,,,,,,,,,,,,,,,,,,,,,,,,,,grant,27/06/2016
533,Calidris alpina,,,,,,,,,,,,,,,,,,,,,,,,,,,,,,,,,,,,,,,,,,,,,,,,grant,27/06/2016
534,Calidris bairdii,,,,,,,,,,,,,,,,,,,,,,,,,,,,,,,,,,,,,,,,,,,,,,,,grant,27/06/2016
535,Calidris canutus,,,,,,,,,,,,,,,,,,,,,,,,,,,,,,,,,,,,,,,,,,,,,,,,grant,27/06/2016
536,Calidris falcinellus,,,,,,,,,,,,,,,,,,,,,,,,,,,,,,,,,,,,,,,,,,,,,,,,grant,27/06/2016
537,Calidris ferruginea,,,,,,,,,,,,,,,,,,,,,,,,,,,,,,,,,,,,,,,,,,,,,,,,grant,27/06/2016
538,Calidris fuscicollis,,,,,,,,,,,,,,,,,,,,,,,,,,,,,,,,,,,,,,,,,,,,,,,,grant,27/06/2016
539,Calidris himantopus,,,,,,,,,,,,,,,,,,,,,,,,,,,,,,,,,,,,,,,,,,,,,,,,grant,27/06/2016
540,Calidris maritima,,,,,,,,,,,,,,,,,,,,,,,,,,,,,,,,,,,,,,,,,,,,,,,,grant,27/06/2016
541,Calidris mauri,,,,,,,,,,,,,,,,,,,,,,,,,,,,,,,,,,,,,,,,,,,,,,,,grant,27/06/2016
542,Calidris melanotos,,,,,,,,,,,,,,,,,,,,,,,,,,,,,,,,,,,,,,,,,,,,,,,,grant,27/06/2016
543,Calidris minuta,,,,,,,,,,,,,,,,,,,,,,,,,,,,,,,,,,,,,,,,,,,,,,,,grant,27/06/2016
544,Calidris minutilla,,,,,,,,,,,,,,,,,,,,,,,,,,,,,,,,,,,,,,,,,,,,,,,,grant,27/06/2016
545,Calidris ptilocnemis,,,,,,,,,,,,,,,,,,,,,,,,,,,,,,,,,,,,,,,,,,,,,,,,grant,27/06/2016
546,Calidris pugnax,,,,,,,,,,,,,,,,,,,,,,,,,,,,,,,,,,,,,,,,,,,,,,,,grant,27/06/2016
547,Calidris pusilla,,,,,,,,,,,,,,,,,,,,,,,,,,,,,,,,,,,,,,,,,,,,,,,,grant,27/06/2016
548,Calidris pygmaea,,,,,,,,,,,,,,,,,,,,,,,,,,,,,,,,,,,,,,,,,,,,,,,,grant,27/06/2016
549,Calidris ruficollis,,,,,,,,,,,,,,,,,,,,,,,,,,,,,,,,,,,,,,,,,,,,,,,,grant,27/06/2016
550,Calidris subminuta,,,,,,,,,,,,,,,,,,,,,,,,,,,,,,,,,,,,,,,,,,,,,,,,grant,27/06/2016
551,Calidris subruficollis,,,,,,,,,,,,,,,,,,,,,,,,,,,,,,,,,,,,,,,,,,,,,,,,grant,27/06/2016
552,Calidris temminckii,,,,,,,,,,,,,,,,,,,,,,,,,,,,,,,,,,,,,,,,,,,,,,,,grant,27/06/2016
553,Calidris tenuirostris,,,,,,,,,,,,,,,,,,,,,,,,,,,,,,,,,,,,,,,,,,,,,,,,grant,27/06/2016
554,Calidris virgata,,,,,,,,,,,,,,,,,,,,,,,,,,,,,,,,,,,,,,,,,,,,,,,,grant,27/06/2016
555,Coenocorypha aucklandica,,,,,,,,,,,,,,,,,,,,,,,,,,,,,,,,,,,,,,,,,,,,,,,,grant,27/06/2016
556,Coenocorypha barrierensis,,,,,,,,,,,,,,,,,,,,,,,,,,,,,,,,,,,,,,,,,,,,,,,,grant,27/06/2016
557,Coenocorypha huegeli,,,,,,,,,,,,,,,,,,,,,,,,,,,,,,,,,,,,,,,,,,,,,,,,grant,27/06/2016
558,Coenocorypha iredalei,,,,,,,,,,,,,,,,,,,,,,,,,,,,,,,,,,,,,,,,,,,,,,,,grant,27/06/2016
559,Coenocorypha pusilla,,,,,,,,,,,,,,,,,,,,,,,,,,,,,,,,,,,,,,,,,,,,,,,,grant,27/06/2016
560,Gallinago andina,,,,,,,,,,,,,,,,,,,,,,,,,,,,,,,,,,,,,,,,,,,,,,,,grant,27/06/2016
561,Gallinago delicata,,,,,,,,,,,,,,,,,,,,,,,,,,,,,,,,,,,,,,,,,,,,,,,,grant,27/06/2016
562,Gallinago gallinago,,,,,,,,,,,,,,,,,,,,,,,,,,,,,,,,,,,,,,,,,,,,,,,,grant,27/06/2016
563,Gallinago hardwickii,,,,,,,,,,,,,,,,,,,,,,,,,,,,,,,,,,,,,,,,,,,,,,,,grant,27/06/2016
564,Gallinago imperialis,,,,,,,,,,,,,,,,,,,,,,,,,,,,,,,,,,,,,,,,,,,,,,,,grant,27/06/2016
565,Gallinago jamesoni,,,,,,,,,,,,,,,,,,,,,,,,,,,,,,,,,,,,,,,,,,,,,,,,grant,27/06/2016
566,Gallinago macrodactyla,,,,,,,,,,,,,,,,,,,,,,,,,,,,,,,,,,,,,,,,,,,,,,,,grant,27/06/2016
567,Gallinago media,,,,,,,,,,,,,,,,,,,,,,,,,,,,,,,,,,,,,,,,,,,,,,,,grant,27/06/2016
568,Gallinago megala,,,,,,,,,,,,,,,,,,,,,,,,,,,,,,,,,,,,,,,,,,,,,,,,grant,27/06/2016
569,Gallinago nemoricola,,,,,,,,,,,,,,,,,,,,,,,,,,,,,,,,,,,,,,,,,,,,,,,,grant,27/06/2016
570,Gallinago nigripennis,,,,,,,,,,,,,,,,,,,,,,,,,,,,,,,,,,,,,,,,,,,,,,,,grant,27/06/2016
571,Gallinago nobilis,,,,,,,,,,,,,,,,,,,,,,,,,,,,,,,,,,,,,,,,,,,,,,,,grant,27/06/2016
572,Gallinago paraguaiae,,,,,,,,,,,,,,,,,,,,,,,,,,,,,,,,,,,,,,,,,,,,,,,,grant,27/06/2016
573,Gallinago solitaria,,,,,,,,,,,,,,,,,,,,,,,,,,,,,,,,,,,,,,,,,,,,,,,,grant,27/06/2016
574,Gallinago stenura,,,,,,,,,,,,,,,,,,,,,,,,,,,,,,,,,,,,,,,,,,,,,,,,grant,27/06/2016
575,Gallinago stricklandii,,,,,,,,,,,,,,,,,,,,,,,,,,,,,,,,,,,,,,,,,,,,,,,,grant,27/06/2016
576,Gallinago undulata,,,,,,,,,,,,,,,,,,,,,,,,,,,,,,,,,,,,,,,,,,,,,,,,grant,27/06/2016
577,Limnodromus griseus,,,,,,,,,,,,,,,,,,,,,,,,,,,,,,,,,,,,,,,,,,,,,,,,grant,27/06/2016
578,Limnodromus scolopaceus,,,,,,,,,,,,,,,,,,,,,,,,,,,,,,,,,,,,,,,,,,,,,,,,grant,27/06/2016
579,Limnodromus semipalmatus,,,,,,,,,,,,,,,,,,,,,,,,,,,,,,,,,,,,,,,,,,,,,,,,grant,27/06/2016
580,Limosa fedoa,,,,,,,,,,,,,,,,,,,,,,,,,,,,,,,,,,,,,,,,,,,,,,,,grant,27/06/2016
581,Limosa haemastica,,,,,,,,,,,,,,,,,,,,,,,,,,,,,,,,,,,,,,,,,,,,,,,,grant,27/06/2016
582,Limosa lapponica,,,,,,,,,,,,,,,,,,,,,,,,,,,,,,,,,,,,,,,,,,,,,,,,grant,27/06/2016
583,Limosa limosa,,,,,,,,,,,,,,,,,,,,,,,,,,,,,,,,,,,,,,,,,,,,,,,,grant,27/06/2016
584,Lymnocryptes minimus,,,,,,,,,,,,,,,,,,,,,,,,,,,,,,,,,,,,,,,,,,,,,,,,grant,27/06/2016
585,Numenius americanus,,,,,,,,,,,,,,,,,,,,,,,,,,,,,,,,,,,,,,,,,,,,,,,,grant,27/06/2016
586,Numenius arquata,,,,,,,,,,,,,,,,,,,,,,,,,,,,,,,,,,,,,,,,,,,,,,,,grant,27/06/2016
587,Numenius borealis,,,,,,,,,,,,,,,,,,,,,,,,,,,,,,,,,,,,,,,,,,,,,,,,grant,27/06/2016
588,Numenius madagascariensis,,,,,,,,,,,,,,,,,,,,,,,,,,,,,,,,,,,,,,,,,,,,,,,,grant,27/06/2016
589,Numenius minutus,,,,,,,,,,,,,,,,,,,,,,,,,,,,,,,,,,,,,,,,,,,,,,,,grant,27/06/2016
590,Numenius phaeopus,,,,,,,,,,,,,,,,,,,,,,,,,,,,,,,,,,,,,,,,,,,,,,,,grant,27/06/2016
591,Numenius tahitiensis,,,,,,,,,,,,,,,,,,,,,,,,,,,,,,,,,,,,,,,,,,,,,,,,grant,27/06/2016
592,Numenius tenuirostris,,,,,,,,,,,,,,,,,,,,,,,,,,,,,,,,,,,,,,,,,,,,,,,,grant,27/06/2016
593,Phalaropus fulicarius,,,,,,,,,,,,,,,,,,,,,,,,,,,,,,,,,,,,,,,,,,,,,,,,grant,27/06/2016
594,Phalaropus lobatus,,,,,,,,,,,,,,,,,,,,,,,,,,,,,,,,,,,,,,,,,,,,,,,,grant,27/06/2016
595,Prosobonia cancellata,,,,,,,,,,,,,,,,,,,,,,,,,,,,,,,,,,,,,,,,,,,,,,,,grant,27/06/2016
596,Prosobonia ellisi,,,,,,,,,,,,,,,,,,,,,,,,,,,,,,,,,,,,,,,,,,,,,,,,grant,27/06/2016
597,Prosobonia leucoptera,,,,,,,,,,,,,,,,,,,,,,,,,,,,,,,,,,,,,,,,,,,,,,,,grant,27/06/2016
598,Prosobonia parvirostris,,,,,,,,,,,,,,,,,,,,,,,,,,,,,,,,,,,,,,,,,,,,,,,,grant,27/06/2016
599,Scolopax bukidnonensis,,,,,,,,,,,,,,,,,,,,,,,,,,,,,,,,,,,,,,,,,,,,,,,,grant,27/06/2016
600,Scolopax celebensis,,,,,,,,,,,,,,,,,,,,,,,,,,,,,,,,,,,,,,,,,,,,,,,,grant,27/06/2016
601,Scolopax minor,,,,,,,,,,,,,,,,,,,,,,,,,,,,,,,,,,,,,,,,,,,,,,,,grant,27/06/2016
602,Scolopax mira,,,,,,,,,,,,,,,,,,,,,,,,,,,,,,,,,,,,,,,,,,,,,,,,grant,27/06/2016
603,Scolopax rochussenii,,,,,,,,,,,,,,,,,,,,,,,,,,,,,,,,,,,,,,,,,,,,,,,,grant,27/06/2016
604,Scolopax rosenbergii,,,,,,,,,,,,,,,,,,,,,,,,,,,,,,,,,,,,,,,,,,,,,,,,grant,27/06/2016
605,Scolopax rusticola,,,,,,,,,,,,,,,,,,,,,,,,,,,,,,,,,,,,,,,,,,,,,,,,grant,27/06/2016
606,Scolopax saturata,,,,,,,,,,,,,,,,,,,,,,,,,,,,,,,,,,,,,,,,,,,,,,,,grant,27/06/2016
607,Steganopus tricolor,,,,,,,,,,,,,,,,,,,,,,,,,,,,,,,,,,,,,,,,,,,,,,,,grant,27/06/2016
608,Tringa brevipes,,,,,,,,,,,,,,,,,,,,,,,,,,,,,,,,,,,,,,,,,,,,,,,,grant,27/06/2016
609,Tringa erythropus,,,,,,,,,,,,,,,,,,,,,,,,,,,,,,,,,,,,,,,,,,,,,,,,grant,27/06/2016
610,Tringa flavipes,,,,,,,,,,,,,,,,,,,,,,,,,,,,,,,,,,,,,,,,,,,,,,,,grant,27/06/2016
611,Tringa glareola,,,,,,,,,,,,,,,,,,,,,,,,,,,,,,,,,,,,,,,,,,,,,,,,grant,27/06/2016
612,Tringa guttifer,,,,,,,,,,,,,,,,,,,,,,,,,,,,,,,,,,,,,,,,,,,,,,,,grant,27/06/2016
613,Tringa incana,,,,,,,,,,,,,,,,,,,,,,,,,,,,,,,,,,,,,,,,,,,,,,,,grant,27/06/2016
614,Tringa melanoleuca,,,,,,,,,,,,,,,,,,,,,,,,,,,,,,,,,,,,,,,,,,,,,,,,grant,27/06/2016
615,Tringa nebularia,,,,,,,,,,,,,,,,,,,,,,,,,,,,,,,,,,,,,,,,,,,,,,,,grant,27/06/2016
616,Tringa ochropus,,,,,,,,,,,,,,,,,,,,,,,,,,,,,,,,,,,,,,,,,,,,,,,,grant,27/06/2016
617,Tringa semipalmata,,,,,,,,,,,,,,,,,,,,,,,,,,,,,,,,,,,,,,,,,,,,,,,,grant,27/06/2016
618,Tringa solitaria,,,,,,,,,,,,,,,,,,,,,,,,,,,,,,,,,,,,,,,,,,,,,,,,grant,27/06/2016
619,Tringa stagnatilis,,,,,,,,,,,,,,,,,,,,,,,,,,,,,,,,,,,,,,,,,,,,,,,,grant,27/06/2016
620,Tringa totanus,,,,,,,,,,,,,,,,,,,,,,,,,,,,,,,,,,,,,,,,,,,,,,,,grant,27/06/2016
621,Xenus cinereus,,,,,,,,,,,,,,,,,,,,,,,,,,,,,,,,,,,,,,,,,,,,,,,,grant,27/06/2016
622,Scopus umbretta,,,,,,,,,,,,,,,,,,,,,,,,,,,,,,,,,,,,,,,,,,,,,,,,grant,27/06/2016
623,Spheniscus demersus,3.1,,,,3.3,,,,2,,,,,38,,,,,70,80,,35,,,,0,,,,3,,,,NS,,,,,,,,,61.7,,,,,grant,27/06/2016
624,Eudyptula minor,,0.79,2.1,,,0.75,2.1,,,1,2,,,,33,50,,,54,63,,23,,,,0,,,,(2-3),2,3,,NS,,,,,,,,,74.5,,,,,grant,27/06/2016
625,Pygoscelis papua,5.15,,,,5.58,,,,2,,,,,,35,36,,,74,100,,85,,,,,5,50,,2,,,,NS,,,,,,,,,80,,,,,grant,27/06/2016
626,Spheniscus magellanicus,,2.7,4.1,,,2.9,4.8,,2,,,,,40,,,,,60,100,,,,,,0,,,,2,,,,NS,,,,,,,,,85,,,,,grant,27/06/2016
627,Spheniscus mendiculus,1.87,,,,2.18,,,,2,,,,,38,,,,,60,80,,,,,,0,,,,(4-5),4,5,,NS,,,,,,,,,85,,,,,grant,27/06/2016
628,Eudyptes schlegeli,,5,6,,,5,6,,2,,,,,,32,37,,65,,,,,,,,,,,,5,,,,OS,,,,,,,,,86,,,,,grant,27/06/2016
629,Megadyptes antipodes,5.2,,,,5.2,,,,,1,2,,,,39,51,,106,,,,67,,,,0,,,,2,2,3,,NS,,,,,,,,,87,,,,,grant,27/06/2016
630,Pygoscelis adeliae,4.7,,,,5,,,,1.9,1,2,,,,31,38,,,41,60,,116,,,,0,,,,(3-6),3,6,,NS+,,,,,,,,,89,,,,,grant,27/06/2016
631,Eudyptes chrysolophus,5,,,,6,,,,2,,,,,,35,37,,62,,,,69,,,,,,,,6,5,8,,"NS+,OS",,,,,,,,,,77,86,,,grant,27/06/2016
632,Aptenodytes patagonicus,14.3,,,,16,,,,1,,,,,,52,54,,,313,350,,130,,,,38,,,,5,4,5,,OS,,,,,,,,,,82,93,,,grant,27/06/2016
633,Aptenodytes forsteri,30,,,,38,,,,1,,,,,,62,67,,,147,190,,113,,,,,,,,5,3,9,,OS,,,,,,,,,,92,95,,,grant,27/06/2016
634,Eudyptes robustus,2.8,,,,3.4,,,,2,,,,,,31,37,,75,,,,,,,,,,,,5,,,,OS,,,,,,,,,,,,,,grant,27/06/2016
635,Eudyptes pachyrhynchus,3.4,,,,3.7,,,,2,,,,,,31,36,,75,,,,52,,,,0,,,,(3-4),3,4,,NS+,,,,,,,,,,,,,,grant,27/06/2016
636,Pygoscelis antarcticus,3.8,,,,3.8,,,,2,,,,,,33,37,,,49,59,,86,,,,0,,,,(3-5),3,5,,NS+,,,,,,,,,,,,,,grant,27/06/2016
637,Eudyptes chrysocome,,2.3,2.7,,,2.8,3.4,,2,,,,,,33,39,,,60,70,,49,,,,0,,,,,,,,OS,,,,,,,,,,,,,,grant,27/06/2016
638,Eudyptes sclateri,,2.8,5.4,,,3.4,6.3,,2,,,,,35,,,,75,,,,,,,,,,,,,,,,OS,,,,,,,,,,,,,,grant,27/06/2016
639,Spheniscus humboldti,4.5,,,,4.5,,,,2,,,,,,,,,,,,,,,,,,,,,,,,,NS,,,,,,,,,,,,,,grant,27/06/2016
640,Eudyptes moseleyi,,,,,,,,,,,,,,,,,,,,,,,,,,,,,,,,,,,,,,,,,,,,,,,,grant,27/06/2016
641,Stercorarius parasiticus,0.4,0.3,0.6,,0.5,0.3,0.6,,2,1,2,,,26,24,29,,31,26,38,,,,,,,14,28,,4,3,7,,NS,104,,,,18,,,,89,,,,,grant,27/06/2016
642,Catharacta skua,1.48,,,,1.356,,,,2,,,,,29,26,32,,46,40,51,,40,,,,,,,,6.8,,,,NS,150,,,,,,,,93,,,,,grant,27/06/2016
643,Catharacta maccormicki,,0.9,1.6,,,0.9,1.6,,2,,,,,,28,31,,,36,53,,,,,,6,,,+,6,,,+,NS+,,130,140,,,,,,,90,95,,,grant,27/06/2016
644,Catharacta antarctica,,1.2,2.1,,,1.2,2.1,,2,,,,,,28,32,,,45,50,,,,,,,,,,6,,,+,NS,,126,160,,,,,,,90,96,,,grant,27/06/2016
645,Stercorarius longicaudus,,0.28,0.44,,,0.21,0.35,,2,,,,,24.2,,,,25,24,28,,,,,,24,,,,3,,,,NS,96,,,,8,,,,,,,,,grant,27/06/2016
646,Catharacta chilensis,,1.1,1.7,,,1.1,1.7,,2,,,,,,28,32,,,,,,,,,,,,,,,,,,NS,,130,138,,,,,,,,,,,grant,27/06/2016
647,Stercorarius pomarinus,,0.68,1,,,0.52,0.85,,2,1,3,,,25,23,27,,,,,,,,,,14,,,+,,,,,NS+,,,,,,,,,,,,,,grant,27/06/2016
648,Sula granti,1.88,,,,1.63,,,,1.6,,,,,43,,,,120,,,,,,,,,30,62,,,,,,"NS,OS",,,,,,,,,83.2,,,,,grant,27/06/2016
649,Sula sula,,0.8,1.5,,,0.8,1.5,,1,,,,,44.5,43,49,,101.5,91,139,,20,,,,190,,,,(2-4),2,4,,OS,151,,,,30,,,+,90,,,,,grant,27/06/2016
650,Sula dactylatra,2.1,,,,1.88,,,,2,1,2,,,43,38,49,,130,109,151,,35,,,,,50,150,,(2-4),2,4,,OS,156,,,,30,,,+,92.5,,,,,grant,27/06/2016
651,Morus bassanus,3.07,,,,2.93,,,,1,,,,,43.6,,,,91,,,,80,,,,0,,,,4,3,6,,OS,185,,,,30,,,,94,,,,,grant,27/06/2016
652,Sula leucogaster,,0.9,1.8,,,0.9,1.8,,2,1,3,,,42.8,,,,95,85,105,,27,,,,,118,259,,(2-4),2,4,,"NS,OS",148,,,,27,,,,,92,96,,,grant,27/06/2016
653,Sula nebouxii,1.8,,,,1.28,,,,2,1,3,,,41,,,,102,,,,,,,,56,,,,(2-6),2,6,,"NS,OS",156,,,,20,,,+,,,,,,grant,27/06/2016
654,Sula variegata,1.3,,,,1.3,,,,1.5,1,2,,,42,,,,78,,,,,,,,62,,,,(2-3),2,3,,"NS,OS",,,,,20,,,+,,,,,,grant,27/06/2016
655,Morus capensis,2.7,,,,2.7,,,,1,,,,,44,,,,97.2,,,,,,,,0,,,,(3-4),3,4,,OS,,171,185,,30,,,+,,,,,,grant,27/06/2016
656,Morus serrator,2.3,,,,2.3,,,,1,,,,,43.6,37,50,,102,95,109,,,,,,0,,,,(3-7),3,7,,OS,,,,,30,,,+,,,,,,grant,27/06/2016
657,Papasula abbotti,1.46,,,,1.46,,,,1,,,,B,,56,57,,,151,168,,,,,,,180,230,,,,,,OS,,,,,30,,,+,,,,,,grant,27/06/2016
658,Attagis gayi,,,,,,,,,,,,,,,,,,,,,,,,,,,,,,,,,,,,,,,,,,,,,,,,grant,27/06/2016
659,Attagis malouinus,,,,,,,,,,,,,,,,,,,,,,,,,,,,,,,,,,,,,,,,,,,,,,,,grant,27/06/2016
660,Thinocorus orbignyianus,,,,,,,,,,,,,,,,,,,,,,,,,,,,,,,,,,,,,,,,,,,,,,,,grant,27/06/2016
661,Thinocorus rumicivorus,,,,,,,,,,,,,,,,,,,,,,,,,,,,,,,,,,,,,,,,,,,,,,,,grant,27/06/2016
662,Bostrychia bocagei,,,,,,,,,,,,,,,,,,,,,,,,,,,,,,,,,,,,,,,,,,,,,,,,grant,27/06/2016
663,Bostrychia carunculata,,,,,,,,,,,,,,,,,,,,,,,,,,,,,,,,,,,,,,,,,,,,,,,,grant,27/06/2016
664,Bostrychia hagedash,,,,,,,,,,,,,,,,,,,,,,,,,,,,,,,,,,,,,,,,,,,,,,,,grant,27/06/2016
665,Bostrychia olivacea,,,,,,,,,,,,,,,,,,,,,,,,,,,,,,,,,,,,,,,,,,,,,,,,grant,27/06/2016
666,Bostrychia rara,,,,,,,,,,,,,,,,,,,,,,,,,,,,,,,,,,,,,,,,,,,,,,,,grant,27/06/2016
667,Cercibis oxycerca,,,,,,,,,,,,,,,,,,,,,,,,,,,,,,,,,,,,,,,,,,,,,,,,grant,27/06/2016
668,Eudocimus albus,,,,,,,,,,,,,,,,,,,,,,,,,,,,,,,,,,,,,,,,,,,,,,,,grant,27/06/2016
669,Eudocimus ruber,,,,,,,,,,,,,,,,,,,,,,,,,,,,,,,,,,,,,,,,,,,,,,,,grant,27/06/2016
670,Geronticus calvus,,,,,,,,,,,,,,,,,,,,,,,,,,,,,,,,,,,,,,,,,,,,,,,,grant,27/06/2016
671,Geronticus eremita,,,,,,,,,,,,,,,,,,,,,,,,,,,,,,,,,,,,,,,,,,,,,,,,grant,27/06/2016
672,Lophotibis cristata,,,,,,,,,,,,,,,,,,,,,,,,,,,,,,,,,,,,,,,,,,,,,,,,grant,27/06/2016
673,Mesembrinibis cayennensis,,,,,,,,,,,,,,,,,,,,,,,,,,,,,,,,,,,,,,,,,,,,,,,,grant,27/06/2016
674,Nipponia nippon,,,,,,,,,,,,,,,,,,,,,,,,,,,,,,,,,,,,,,,,,,,,,,,,grant,27/06/2016
675,Phimosus infuscatus,,,,,,,,,,,,,,,,,,,,,,,,,,,,,,,,,,,,,,,,,,,,,,,,grant,27/06/2016
676,Platalea ajaja,,,,,,,,,,,,,,,,,,,,,,,,,,,,,,,,,,,,,,,,,,,,,,,,grant,27/06/2016
677,Platalea alba,,,,,,,,,,,,,,,,,,,,,,,,,,,,,,,,,,,,,,,,,,,,,,,,grant,27/06/2016
678,Platalea flavipes,,,,,,,,,,,,,,,,,,,,,,,,,,,,,,,,,,,,,,,,,,,,,,,,grant,27/06/2016
679,Platalea leucorodia,,,,,,,,,,,,,,,,,,,,,,,,,,,,,,,,,,,,,,,,,,,,,,,,grant,27/06/2016
680,Platalea minor,,,,,,,,,,,,,,,,,,,,,,,,,,,,,,,,,,,,,,,,,,,,,,,,grant,27/06/2016
681,Platalea regia,,,,,,,,,,,,,,,,,,,,,,,,,,,,,,,,,,,,,,,,,,,,,,,,grant,27/06/2016
682,Plegadis chihi,,,,,,,,,,,,,,,,,,,,,,,,,,,,,,,,,,,,,,,,,,,,,,,,grant,27/06/2016
683,Plegadis falcinellus,,,,,,,,,,,,,,,,,,,,,,,,,,,,,,,,,,,,,,,,,,,,,,,,grant,27/06/2016
684,Plegadis ridgwayi,,,,,,,,,,,,,,,,,,,,,,,,,,,,,,,,,,,,,,,,,,,,,,,,grant,27/06/2016
685,Pseudibis davisoni,,,,,,,,,,,,,,,,,,,,,,,,,,,,,,,,,,,,,,,,,,,,,,,,grant,27/06/2016
686,Pseudibis papillosa,,,,,,,,,,,,,,,,,,,,,,,,,,,,,,,,,,,,,,,,,,,,,,,,grant,27/06/2016
687,Thaumatibis gigantea,,,,,,,,,,,,,,,,,,,,,,,,,,,,,,,,,,,,,,,,,,,,,,,,grant,27/06/2016
688,Theristicus branickii,,,,,,,,,,,,,,,,,,,,,,,,,,,,,,,,,,,,,,,,,,,,,,,,grant,27/06/2016
689,Theristicus caerulescens,,,,,,,,,,,,,,,,,,,,,,,,,,,,,,,,,,,,,,,,,,,,,,,,grant,27/06/2016
690,Theristicus caudatus,,,,,,,,,,,,,,,,,,,,,,,,,,,,,,,,,,,,,,,,,,,,,,,,grant,27/06/2016
691,Theristicus melanopis,,,,,,,,,,,,,,,,,,,,,,,,,,,,,,,,,,,,,,,,,,,,,,,,grant,27/06/2016
692,Threskiornis aethiopicus,,,,,,,,,,,,,,,,,,,,,,,,,,,,,,,,,,,,,,,,,,,,,,,,grant,27/06/2016
693,Threskiornis bernieri,,,,,,,,,,,,,,,,,,,,,,,,,,,,,,,,,,,,,,,,,,,,,,,,grant,27/06/2016
694,Threskiornis melanocephalus,,,,,,,,,,,,,,,,,,,,,,,,,,,,,,,,,,,,,,,,,,,,,,,,grant,27/06/2016
695,Threskiornis moluccus,,,,,,,,,,,,,,,,,,,,,,,,,,,,,,,,,,,,,,,,,,,,,,,,grant,27/06/2016
696,Threskiornis solitarius,,,,,,,,,,,,,,,,,,,,,,,,,,,,,,,,,,,,,,,,,,,,,,,,grant,27/06/2016
697,Threskiornis spinicollis,,,,,,,,,,,,,,,,,,,,,,,,,,,,,,,,,,,,,,,,,,,,,,,,grant,27/06/2016
698,Ortyxelos meiffrenii,,,,,,,,,,,,,,,,,,,,,,,,,,,,,,,,,,,,,,,,,,,,,,,,grant,27/06/2016
699,Turnix castanotus,,,,,,,,,,,,,,,,,,,,,,,,,,,,,,,,,,,,,,,,,,,,,,,,grant,27/06/2016
700,Turnix everetti,,,,,,,,,,,,,,,,,,,,,,,,,,,,,,,,,,,,,,,,,,,,,,,,grant,27/06/2016
701,Turnix hottentottus,,,,,,,,,,,,,,,,,,,,,,,,,,,,,,,,,,,,,,,,,,,,,,,,grant,27/06/2016
702,Turnix maculosus,,,,,,,,,,,,,,,,,,,,,,,,,,,,,,,,,,,,,,,,,,,,,,,,grant,27/06/2016
703,Turnix melanogaster,,,,,,,,,,,,,,,,,,,,,,,,,,,,,,,,,,,,,,,,,,,,,,,,grant,27/06/2016
704,Turnix nanus,,,,,,,,,,,,,,,,,,,,,,,,,,,,,,,,,,,,,,,,,,,,,,,,grant,27/06/2016
705,Turnix nigricollis,,,,,,,,,,,,,,,,,,,,,,,,,,,,,,,,,,,,,,,,,,,,,,,,grant,27/06/2016
706,Turnix novaecaledoniae,,,,,,,,,,,,,,,,,,,,,,,,,,,,,,,,,,,,,,,,,,,,,,,,grant,27/06/2016
707,Turnix ocellatus,,,,,,,,,,,,,,,,,,,,,,,,,,,,,,,,,,,,,,,,,,,,,,,,grant,27/06/2016
708,Turnix olivii,,,,,,,,,,,,,,,,,,,,,,,,,,,,,,,,,,,,,,,,,,,,,,,,grant,27/06/2016
709,Turnix pyrrhothorax,,,,,,,,,,,,,,,,,,,,,,,,,,,,,,,,,,,,,,,,,,,,,,,,grant,27/06/2016
710,Turnix suscitator,,,,,,,,,,,,,,,,,,,,,,,,,,,,,,,,,,,,,,,,,,,,,,,,grant,27/06/2016
711,Turnix sylvaticus,,,,,,,,,,,,,,,,,,,,,,,,,,,,,,,,,,,,,,,,,,,,,,,,grant,27/06/2016
712,Turnix tanki,,,,,,,,,,,,,,,,,,,,,,,,,,,,,,,,,,,,,,,,,,,,,,,,grant,27/06/2016
713,Turnix varius,,,,,,,,,,,,,,,,,,,,,,,,,,,,,,,,,,,,,,,,,,,,,,,,grant,27/06/2016
714,Turnix velox,,,,,,,,,,,,,,,,,,,,,,,,,,,,,,,,,,,,,,,,,,,,,,,,grant,27/06/2016
715,Turnix worcesteri,,,,,,,,,,,,,,,,,,,,,,,,,,,,,,,,,,,,,,,,,,,,,,,,grant,27/06/2016
